square_footage,bedrooms,bathrooms,lot_size,year_built,house_age,neighborhood_quality,distance_to_city_center,garage_spaces,has_pool,has_garden,school_rating,crime_rate,renovated,condition,property_type,price
2348,3,2.5,10792,1976,48,Medium,11.32,2,1,1,4.0,4.55,0,Fair,Single Family,300000
1903,5,3.0,1492,1986,38,Low,33.71,3,0,1,7.0,5.14,0,Excellent,Single Family,206400
2453,3,2.5,8159,1988,36,Premium,13.28,1,1,0,4.0,10.1,1,Good,Single Family,530500
3066,2,1.0,9954,2012,12,Low,4.93,2,0,0,2.0,0.6,0,Excellent,Single Family,360900
1836,2,2.0,14498,1975,49,High,18.73,2,1,1,10.0,2.71,0,Good,Condo,343400
1836,3,3.0,6314,2014,10,Medium,4.22,2,0,1,6.0,1.67,0,Excellent,Townhouse,359300
3105,4,2.5,9136,1953,71,Medium,5.95,2,0,0,9.0,1.22,0,Good,Single Family,423300
2537,4,3.0,1686,1978,46,High,5.19,2,0,1,2.0,2.5,1,Good,Single Family,436700
1671,4,4.0,1000,1950,74,Low,4.75,2,0,1,1.0,4.58,0,Good,Single Family,180300
2380,4,2.5,10957,1999,25,High,11.94,2,0,1,8.0,0.07,0,Fair,Townhouse,383800
1676,3,1.5,7981,1960,64,High,5.99,0,0,1,1.0,10.46,0,Excellent,Townhouse,307300
1674,2,2.5,12125,2023,1,High,3.05,2,0,0,1.0,4.98,0,Good,Single Family,321800
2169,3,3.5,3193,2008,16,Low,2.39,1,0,1,3.0,4.17,0,Good,Single Family,236500
661,3,2.5,9820,2011,13,Premium,0.5,1,0,0,5.0,4.29,0,Excellent,Multi-Family,277000
793,2,2.0,14541,1985,39,High,7.0,2,0,1,9.0,1.48,0,Excellent,Single Family,266000
1606,3,3.0,9469,2005,19,Premium,2.09,1,1,1,10.0,4.18,0,Good,Single Family,516700
1291,4,2.5,8968,1970,54,Medium,1.28,2,0,1,2.0,1.47,0,Excellent,Single Family,260200
2220,4,2.5,8030,1962,62,Medium,8.49,1,0,0,1.0,6.87,1,Fair,Condo,241900
1364,6,5.0,2502,1958,66,Premium,9.15,0,0,1,1.0,0.59,1,Fair,Multi-Family,321200
1011,5,5.0,12745,1960,64,Premium,11.16,1,0,1,8.0,1.04,0,Good,Multi-Family,355100
3026,4,3.5,5862,2019,5,Medium,5.6,0,1,1,10.0,2.4,0,Good,Townhouse,461000
1842,3,1.5,9766,1950,74,Medium,17.96,2,0,1,10.0,1.15,1,Good,Single Family,285300
2047,4,4.0,2529,2019,5,Medium,22.03,1,0,0,10.0,1.66,1,Good,Single Family,260800
1003,4,2.5,3872,2005,19,Medium,13.18,1,1,1,2.0,2.03,0,Good,Single Family,177200
1619,2,1.5,13023,1980,44,Medium,8.08,0,0,1,9.0,5.82,1,Excellent,Multi-Family,298900
2078,3,2.5,6784,1986,38,Medium,2.9,1,0,1,9.0,2.22,1,Good,Condo,325400
1194,5,4.5,13086,1996,28,Premium,32.57,2,1,0,2.0,1.35,0,Excellent,Single Family,402200
2263,3,3.0,7726,1996,28,Low,2.56,1,0,0,3.0,0.85,0,Excellent,Single Family,288200
1580,4,3.0,1553,2018,6,High,1.81,2,0,1,2.0,1.58,1,Fair,Single Family,285900
1796,4,3.5,11122,2007,17,Low,4.67,3,0,1,6.0,2.18,0,Fair,Multi-Family,206800
1579,2,1.5,5935,1985,39,Medium,0.5,2,0,0,7.0,4.11,1,Good,Single Family,260600
3297,3,2.5,10445,1981,43,Low,30.72,2,1,0,6.0,0.39,1,Excellent,Single Family,341800
1991,3,1.0,8088,2013,11,Medium,7.1,0,0,1,3.0,0.75,1,Poor,Single Family,219900
1260,1,1.0,2599,2020,4,High,6.51,1,0,0,3.0,1.43,0,Fair,Single Family,191100
2576,1,1.0,8575,1991,33,Premium,8.53,2,0,1,2.0,1.34,0,Excellent,Multi-Family,660700
1145,5,3.0,15687,1997,27,Medium,5.5,2,0,1,2.0,1.49,0,Good,Multi-Family,196300
2146,3,2.5,9725,2023,1,Medium,0.5,2,0,1,5.0,4.73,1,Fair,Multi-Family,348200
628,4,3.0,7799,1979,45,Medium,7.58,2,0,0,8.0,1.18,1,Fair,Condo,136800
1070,3,3.5,11764,1970,54,Premium,10.08,1,0,1,6.0,2.09,0,Excellent,Condo,368400
2138,5,4.5,8737,2009,15,High,4.31,0,1,0,9.0,2.93,0,Excellent,Condo,559600
2517,3,2.0,8733,1962,62,Medium,11.33,2,0,1,5.0,0.79,1,Fair,Single Family,278800
2120,3,2.0,4179,1950,74,High,2.06,2,0,0,10.0,3.8,1,Good,Condo,385800
1919,5,3.5,8818,2014,10,High,2.0,1,0,1,4.0,2.38,0,Excellent,Single Family,497700
1789,5,3.5,11624,1982,42,Low,1.41,2,0,1,9.0,1.78,0,Excellent,Condo,291800
965,2,1.5,5074,1987,37,Medium,3.72,1,0,1,10.0,4.98,1,Excellent,Single Family,216000
1496,5,3.5,12986,1974,50,Premium,15.02,1,0,1,5.0,0.84,1,Good,Single Family,422000
1678,3,1.5,7679,1975,49,High,14.08,2,1,1,1.0,6.44,1,Excellent,Townhouse,358500
2740,3,2.5,4893,2008,16,Medium,3.86,2,1,1,5.0,2.47,0,Good,Multi-Family,376700
2241,2,2.0,11492,1982,42,Medium,7.12,2,0,1,5.0,2.82,0,Fair,Single Family,263300
766,2,1.0,6996,1990,34,Medium,10.21,0,0,1,5.0,6.24,0,Good,Single Family,116100
2227,4,3.5,10658,1979,45,Medium,2.21,1,0,0,2.0,5.1,1,Good,Multi-Family,322400
1730,3,2.0,6979,2006,18,High,1.47,2,0,1,6.0,2.76,1,Excellent,Condo,456100
1526,3,2.5,7791,1998,26,Medium,28.63,1,0,0,5.0,4.2,1,Fair,Single Family,172000
2428,4,3.5,9727,1997,27,High,7.69,2,0,0,2.0,1.7,0,Excellent,Condo,531300
2722,4,3.0,9018,2021,3,Premium,31.88,3,0,0,10.0,2.38,1,Fair,Single Family,517000
2652,2,2.0,1016,1998,26,Low,3.3,2,0,0,8.0,0.19,0,Good,Single Family,281500
1413,4,2.5,4076,1996,28,Medium,9.71,1,0,1,6.0,0.28,0,Poor,Townhouse,168200
1784,2,1.5,11253,2005,19,Medium,2.01,2,0,1,10.0,5.31,0,Good,Single Family,324400
2232,4,3.0,7538,2014,10,High,2.42,1,0,1,3.0,0.18,1,Good,Single Family,2846400
2683,4,2.5,6167,1961,63,Medium,5.74,1,1,1,9.0,0.56,1,Good,Single Family,374100
1665,6,4.5,3245,2018,6,High,3.08,0,1,1,4.0,4.77,0,Fair,Single Family,316700
1870,2,1.0,4221,1955,69,Premium,1.47,1,0,1,3.0,0.0,0,Good,Single Family,409900
1226,2,1.0,1000,2014,10,Medium,2.44,3,0,0,7.0,1.0,1,Excellent,Single Family,240200
1163,3,2.0,7646,1974,50,Premium,0.5,1,0,1,8.0,2.63,0,Good,Single Family,352200
2569,3,2.0,5905,1950,74,Premium,9.75,1,0,1,7.0,2.71,1,Fair,Single Family,510200
2949,3,,4617,1981,43,Low,5.42,3,0,1,1.0,4.5,0,Fair,Single Family,239500
1950,5,3.5,7762,1952,72,Medium,0.79,0,0,1,1.0,2.12,0,Excellent,Single Family,362500
2702,3,2.5,9274,1998,26,Premium,1.51,2,0,1,,2.14,0,Good,Condo,697000
2253,3,3.0,15326,1968,56,Premium,0.87,1,0,0,8.0,3.88,0,Poor,Condo,379100
1548,4,2.5,2708,2009,15,Low,7.59,0,0,0,10.0,2.07,0,Excellent,Single Family,194800
2253,3,1.5,12058,1978,46,Low,0.79,3,1,1,3.0,2.81,0,Good,Condo,280500
3077,4,2.5,11406,1999,25,Low,11.23,0,0,1,8.0,6.84,0,Fair,Multi-Family,282400
1975,2,1.0,5273,1951,73,Premium,0.5,2,0,1,3.0,1.54,0,Excellent,Multi-Family,542500
3095,3,2.0,8711,2022,2,Low,2.29,1,0,0,4.0,1.46,1,Good,Single Family,333000
500,1,1.0,6398,2005,19,Medium,17.71,0,0,0,10.0,0.01,0,Good,Townhouse,96200
2575,2,1.0,8650,1966,58,High,10.14,0,0,1,7.0,2.85,0,Good,Single Family,422400
2061,5,3.5,13282,2009,15,Low,0.61,0,0,1,3.0,0.09,1,Excellent,Single Family,323300
1791,2,1.5,10120,1985,39,High,13.77,0,0,1,4.0,2.1,0,Fair,Single Family,285300
2064,4,3.5,9780,2010,14,Medium,5.43,2,0,0,8.0,4.89,0,Fair,Single Family,275600
609,3,2.0,6494,1966,58,Premium,15.01,1,0,0,4.0,2.39,1,Fair,Single Family,164700
1846,3,2.0,2806,1998,26,Medium,7.35,1,0,1,9.0,0.94,1,Excellent,Condo,355800
2250,5,3.0,7270,2009,15,High,9.16,1,0,0,4.0,4.63,1,Good,Condo,431400
3035,1,1.0,12223,1969,55,High,40.29,3,0,1,4.0,0.94,0,Good,Single Family,395900
1637,4,2.5,2655,1999,25,Medium,2.12,3,0,1,5.0,3.96,1,Fair,Single Family,253000
1434,6,5.0,4307,1952,72,Low,7.82,2,0,0,1.0,2.83,0,Good,Single Family,158300
1649,4,2.0,8442,1992,32,Medium,4.93,2,0,1,7.0,0.56,0,Excellent,Single Family,307600
2641,5,3.5,4554,2006,18,Medium,0.5,1,0,1,9.0,7.07,1,Good,Multi-Family,403500
2230,2,1.5,5226,1999,25,High,0.5,1,1,0,9.0,0.67,0,Excellent,Townhouse,514900
1629,3,2.5,6517,2017,7,High,1.02,2,1,0,1.0,13.69,1,Good,Multi-Family,300100
2359,3,4.0,3220,1999,25,Medium,8.38,2,0,1,6.0,0.02,0,Excellent,Condo,421800
2068,4,3.0,4591,1986,38,High,6.7,1,1,1,3.0,0.92,0,Poor,Single Family,243800
2678,6,4.0,10462,1995,29,High,6.45,1,0,1,4.0,0.67,1,Good,Single Family,569000
1509,3,2.0,3424,1991,33,High,0.5,3,1,1,8.0,0.04,0,Excellent,Single Family,414700
1771,4,2.0,2407,1964,60,Medium,5.07,2,0,1,4.0,3.95,1,Excellent,Single Family,303200
1726,2,1.5,5795,1982,42,Medium,20.68,1,0,1,8.0,3.55,1,Fair,Townhouse,169600
976,4,2.5,10562,1960,64,Medium,4.05,2,0,1,4.0,4.72,1,Good,Single Family,191700
2207,3,3.0,7311,1969,55,Medium,7.84,1,0,1,9.0,0.89,0,Fair,Single Family,272500
2183,6,4.0,6374,1973,51,Medium,12.11,0,0,0,6.0,1.76,0,Excellent,Townhouse,370400
2004,4,3.0,8155,2013,11,Medium,12.26,1,1,1,1.0,3.23,1,Good,Townhouse,286000
1836,3,2.0,1890,2014,10,Low,5.86,1,0,1,10.0,1.74,1,Good,Single Family,227600
1009,2,2.5,9731,2022,2,High,15.61,0,0,1,2.0,3.59,0,Fair,Condo,159900
1706,2,1.5,9342,1966,58,Medium,3.97,2,0,1,7.0,3.02,1,Excellent,Single Family,314800
1760,3,3.5,6567,2010,14,Low,17.56,1,0,0,10.0,0.37,0,Good,Single Family,202500
1438,3,2.5,11521,1964,60,Medium,2.2,2,0,1,7.0,4.56,1,Fair,Single Family,245100
1887,5,4.0,4054,2000,24,Medium,2.63,0,0,0,3.0,3.83,0,Good,Single Family,299600
2283,4,3.0,11948,1976,48,High,0.5,1,0,1,1.0,3.2,0,Fair,Condo,385400
3320,4,3.0,8541,2023,1,Medium,12.7,2,0,1,8.0,0.51,0,Good,Single Family,450400
2122,2,1.0,6822,2010,14,Medium,4.32,2,0,1,10.0,0.94,0,Excellent,Condo,388900
2180,5,3.5,7930,2007,17,Medium,2.08,3,0,1,10.0,1.5,1,Excellent,Townhouse,479600
1948,4,3.5,7625,1980,44,Medium,2.11,3,0,1,7.0,0.99,0,Good,Single Family,307300
657,2,1.5,12271,1961,63,Low,18.53,1,1,0,10.0,0.78,1,Excellent,Condo,146100
1981,4,2.0,4232,1995,29,Premium,14.36,1,0,1,8.0,4.91,0,Good,Single Family,439000
2042,4,3.0,5331,1980,44,Medium,6.45,2,0,1,1.0,3.05,0,Fair,Single Family,256700
3724,2,2.5,11627,1981,43,Medium,7.66,3,0,1,3.0,2.5,0,Excellent,Condo,579100
1865,3,3.0,5916,1981,43,Low,5.14,2,0,0,2.0,0.77,0,Good,Condo,185600
2211,3,2.0,11152,2002,22,Medium,3.98,2,0,1,1.0,7.51,0,Good,Single Family,279600
1976,2,2.0,13948,2010,14,High,19.77,2,0,0,5.0,0.64,0,Excellent,Multi-Family,407400
1182,5,3.5,6594,1995,29,High,1.07,1,0,1,3.0,4.75,1,Fair,Single Family,210400
2800,5,2.5,10385,2023,1,High,4.34,2,0,0,10.0,10.2,0,Excellent,Multi-Family,651700
2526,4,2.5,3962,1956,68,Low,3.38,2,0,1,8.0,3.9,0,Excellent,Single Family,296100
2554,3,3.0,10642,1953,71,Medium,5.52,2,0,1,6.0,14.83,1,Good,Single Family,398000
1363,3,2.0,8698,2001,23,High,4.89,0,0,0,10.0,3.16,0,Poor,Single Family,225700
2982,4,3.0,9656,1980,44,Premium,5.85,1,0,1,9.0,0.74,0,Good,Single Family,724800
1019,4,3.0,5740,1985,39,Low,1.21,0,0,1,9.0,0.68,0,Fair,Condo,156600
2411,2,,2186,2003,21,Medium,5.76,1,0,0,6.0,1.18,0,Good,Condo,334500
3533,4,4.0,9761,2003,21,Medium,2.22,3,0,1,2.0,0.02,0,Excellent,Single Family,588400
1307,5,5.0,1000,1966,58,Low,1.63,0,0,0,9.0,3.43,0,Good,Single Family,158800
1604,3,2.0,6889,1979,45,Medium,0.54,1,0,0,2.0,0.94,1,Good,Single Family,264900
2070,2,1.5,11294,1971,53,Low,11.51,1,0,0,3.0,5.07,1,Good,Single Family,180700
1648,4,2.0,8672,1992,32,High,4.46,2,0,1,6.0,1.33,0,Good,Condo,356000
915,3,3.0,14819,1976,48,Medium,7.88,2,0,1,2.0,1.96,1,Excellent,Townhouse,228200
2048,3,1.5,11588,1986,38,Low,10.4,1,0,1,,10.12,0,Good,Multi-Family,195900
1256,2,1.5,5711,1995,29,Low,9.1,1,0,1,2.0,0.83,0,Excellent,Single Family,160400
2332,3,1.5,8096,1984,40,High,5.09,1,0,0,4.0,3.83,0,Good,Single Family,418200
1356,4,2.5,7834,1953,71,Low,3.93,2,0,1,3.0,4.22,0,Good,Condo,169000
3085,4,2.5,2462,1975,49,High,3.77,1,0,0,5.0,0.75,0,Fair,Multi-Family,475500
1452,3,2.0,4709,1968,56,Medium,8.17,3,0,1,6.0,2.09,0,Good,Condo,216100
1775,5,3.5,6037,1994,30,High,5.46,1,0,0,7.0,1.29,1,Good,Single Family,397800
2569,5,3.5,1000,1975,49,Medium,15.13,0,0,0,10.0,4.43,1,Fair,Single Family,261800
1138,5,4.5,8166,1971,53,Low,16.62,2,1,1,8.0,2.92,0,Excellent,Condo,220700
2159,3,1.5,7128,2007,17,Medium,1.5,1,1,1,9.0,1.94,1,Good,Condo,356900
2915,3,2.5,2145,2012,12,Low,1.17,2,1,0,4.0,4.53,1,Excellent,Townhouse,369900
875,6,5.0,9415,1977,47,Medium,7.96,1,0,1,4.0,0.8,0,Poor,Single Family,144500
2129,4,2.5,10506,2014,10,High,2.87,2,0,0,7.0,4.2,0,Good,Multi-Family,449700
2182,1,1.0,8795,1993,31,Medium,0.5,2,0,1,10.0,6.02,0,Poor,Single Family,205100
2547,2,1.5,6866,1992,32,Low,17.56,3,0,1,10.0,6.33,0,Fair,Multi-Family,211400
1134,3,3.0,10070,1986,38,Medium,2.06,1,0,0,9.0,4.59,0,Excellent,Townhouse,250400
1076,5,4.0,10381,2015,9,High,21.19,1,0,0,2.0,1.57,0,Poor,Condo,165600
2365,4,,9076,1966,58,Premium,10.11,1,1,0,6.0,12.02,0,Good,Condo,561200
2208,3,2.5,5114,1989,35,High,11.51,3,0,0,10.0,1.43,0,Fair,Single Family,357000
2175,2,1.0,8968,1987,37,Medium,1.8,3,0,0,10.0,3.05,0,Good,Single Family,323700
2243,4,3.5,12184,2010,14,High,2.13,0,0,1,8.0,0.53,0,Excellent,Single Family,559400
1524,5,4.0,5912,1958,66,Premium,5.89,0,0,1,5.0,11.8,0,Good,Single Family,356600
2163,3,2.0,15343,2010,14,High,1.51,1,0,0,5.0,3.65,0,Good,Single Family,441000
2205,4,2.5,6160,1965,59,Medium,2.92,0,0,1,8.0,4.2,0,Good,Single Family,307500
1500,6,4.0,8113,1951,73,Medium,3.1,1,0,1,1.0,0.2,1,Excellent,Townhouse,304700
3306,3,2.5,5646,2021,3,Medium,1.39,0,0,1,6.0,4.32,0,Good,Single Family,460500
2332,4,3.5,8781,1992,32,Medium,1.84,2,1,1,10.0,4.47,0,Good,Condo,388400
1166,3,2.0,1902,1991,33,High,12.43,3,0,1,9.0,3.34,0,Good,Condo,246100
2460,4,3.5,6089,2006,18,Medium,1.46,3,0,1,6.0,1.04,1,Excellent,Single Family,480500
1318,4,1.5,4178,2016,8,Low,0.5,1,0,0,7.0,2.02,1,Good,Single Family,192300
2551,4,2.5,8474,1979,45,High,7.94,2,1,0,4.0,0.35,0,Good,Single Family,519700
2811,4,3.0,11481,1962,62,High,29.83,2,0,1,10.0,1.91,0,Good,Townhouse,455600
1426,3,1.5,10261,1968,56,Medium,3.22,0,0,0,1.0,0.84,0,Fair,Condo,169200
2674,5,3.0,1000,1956,68,High,1.01,2,0,1,9.0,1.29,0,Good,Single Family,532600
2289,4,2.5,15147,1958,66,Medium,6.76,1,1,0,6.0,0.53,1,Good,Townhouse,337500
2575,2,1.5,9033,2003,21,Premium,18.95,1,0,1,3.0,0.78,0,Good,Single Family,509300
3328,4,3.0,5282,2010,14,High,12.26,1,0,0,4.0,0.24,0,Good,Condo,561500
1828,4,1.5,8550,1951,73,Medium,7.79,0,0,1,10.0,7.57,0,Fair,Single Family,235700
1472,3,1.0,8617,1999,25,High,3.03,2,0,1,6.0,2.27,0,Excellent,Condo,383500
1377,5,3.5,5666,1980,44,Premium,6.24,1,0,0,,1.52,1,Excellent,Multi-Family,481100
1429,5,4.0,8693,1982,42,Medium,0.77,1,0,0,9.0,2.3,0,Excellent,Townhouse,310700
1946,3,1.0,5874,1960,64,Medium,9.09,0,0,1,4.0,2.97,1,Good,Single Family,254400
2239,6,4.0,6585,1982,42,High,10.33,2,1,0,5.0,7.65,0,Good,Single Family,426200
2194,2,1.0,5598,1956,68,Medium,26.83,1,0,0,5.0,0.59,0,Excellent,Townhouse,292000
2579,3,3.0,2986,1980,44,Medium,2.41,2,1,0,3.0,1.05,0,Good,Single Family,360000
2009,2,1.5,8510,1997,27,Premium,0.5,2,0,1,2.0,11.16,0,Good,Single Family,455700
3017,5,4.0,10049,1996,28,High,6.31,1,0,1,8.0,1.39,0,Excellent,Condo,662200
1815,4,,9802,2002,22,Medium,9.81,1,0,1,10.0,0.07,0,Good,Single Family,311200
3904,2,1.0,10870,1968,56,Medium,12.5,2,0,1,9.0,0.48,1,Good,Single Family,493400
2438,3,2.5,9135,1955,69,Medium,1.72,0,0,1,10.0,0.08,0,Poor,Multi-Family,208600
1400,4,3.0,6135,1998,26,Medium,2.43,0,0,1,9.0,13.79,0,Fair,Single Family,204800
1250,2,2.0,10939,2022,2,Low,5.75,2,0,1,5.0,0.98,0,Poor,Single Family,107400
2338,5,6.0,3249,1999,25,High,3.21,1,0,0,9.0,7.71,0,Excellent,Condo,580400
1844,5,2.5,4848,1961,63,Medium,15.76,1,0,0,4.0,16.48,1,Good,Townhouse,222500
2500,4,4.0,4625,1972,52,Medium,5.14,1,0,1,2.0,2.75,0,Good,Single Family,324000
2331,6,4.5,11780,2003,21,Medium,12.86,1,0,1,3.0,0.1,1,Excellent,Condo,460200
1949,3,2.5,11300,2018,6,Premium,6.95,2,1,0,1.0,0.26,0,Good,Townhouse,542200
1407,6,4.5,9706,2008,16,Medium,11.87,2,0,0,5.0,1.97,1,Good,Single Family,259800
940,4,2.5,11752,1985,39,Low,3.24,2,0,1,1.0,1.56,1,Fair,Single Family,132300
1687,4,2.5,4923,1952,72,Low,14.24,2,1,1,1.0,2.8,1,Excellent,Single Family,204800
2599,2,1.5,9220,2007,17,High,2.57,1,1,0,7.0,1.73,0,Fair,Condo,405900
2150,5,3.0,7562,2004,20,High,6.32,1,0,1,2.0,8.16,0,Fair,Townhouse,372700
1128,3,2.5,10964,2006,18,Medium,1.93,1,0,1,8.0,2.3,0,Fair,Single Family,178800
2121,2,1.5,7597,1966,58,Medium,5.16,1,0,1,6.0,3.55,0,Fair,Townhouse,270600
2270,1,1.0,6653,1988,36,Low,3.06,3,0,1,4.0,6.8,0,Fair,Townhouse,208500
1381,4,2.5,9893,2017,7,Medium,2.48,2,0,0,9.0,0.48,1,Good,Single Family,282600
2108,4,,11067,2004,20,Medium,27.29,1,0,1,10.0,0.78,0,Fair,Condo,253500
2041,4,2.5,5661,1994,30,Low,1.4,0,0,1,8.0,0.34,1,Good,Single Family,260900
1200,5,4.0,7786,1950,74,Low,12.38,0,0,1,10.0,0.45,0,Fair,Multi-Family,120400
2250,2,1.0,4295,1970,54,Low,33.16,1,0,0,3.0,2.16,1,Fair,Condo,174200
2393,4,3.5,1000,1970,54,Low,0.5,0,0,1,3.0,1.16,0,Good,Condo,251000
2758,2,2.0,8702,2001,23,High,9.61,2,0,0,4.0,1.65,0,Excellent,Condo,581400
2738,5,5.0,10131,1992,32,Low,2.33,2,0,0,9.0,12.13,1,Excellent,Condo,382300
1036,5,3.5,8917,2001,23,Medium,0.5,2,0,1,9.0,0.51,0,Excellent,Townhouse,289300
1344,4,3.5,1177,2016,8,Low,4.13,1,0,1,5.0,2.33,1,Good,Condo,183000
2361,4,3.0,6772,1993,31,Premium,21.89,1,0,1,9.0,0.31,0,Good,Multi-Family,534300
2360,3,3.0,1000,1981,43,Premium,0.5,2,0,1,6.0,1.15,0,Good,Condo,612600
2361,3,2.0,12794,1959,65,Medium,7.09,2,0,1,8.0,2.25,1,Good,Single Family,338500
4697,5,4.0,4199,2013,11,Medium,5.57,2,0,1,8.0,8.79,0,Fair,Multi-Family,545300
2400,3,2.0,12394,2018,6,Medium,16.53,3,0,1,10.0,1.49,1,Good,Condo,353100
2795,3,2.0,11311,2017,7,Medium,0.7,2,0,0,7.0,0.2,0,Good,Condo,382900
2668,3,2.5,4848,1977,47,Low,9.15,2,0,1,4.0,1.47,1,Good,Multi-Family,256600
2456,5,4.0,4035,2002,22,High,9.12,0,0,1,4.0,0.47,0,Good,Single Family,439000
1779,3,2.0,9226,2000,24,Medium,8.85,2,0,0,6.0,0.78,0,Fair,Single Family,281700
2531,2,1.5,5045,2002,22,Premium,22.82,1,0,1,9.0,2.89,0,Good,Single Family,510900
1459,4,4.0,8359,1953,71,Low,13.86,1,0,1,7.0,0.21,0,Fair,Condo,156200
1834,5,4.5,6310,1966,58,High,0.5,2,1,0,5.0,1.87,0,Excellent,Townhouse,464900
1660,2,2.0,1766,2016,8,High,5.1,1,0,1,5.0,2.82,0,Fair,Multi-Family,269700
2057,3,2.0,1000,2023,1,Low,4.06,0,0,1,8.0,1.64,0,Fair,Single Family,215600
3620,2,1.0,8793,1996,28,Medium,2.97,0,1,0,6.0,0.06,0,Excellent,Townhouse,628500
693,3,3.0,6035,2005,19,Low,4.8,0,1,0,1.0,12.7,0,Good,Multi-Family,76400
2480,3,3.0,6064,1972,52,Medium,3.88,0,0,1,1.0,1.37,0,Fair,Condo,252800
871,4,4.0,10436,1967,57,Medium,4.53,0,0,1,9.0,4.52,0,Good,Single Family,165100
1670,4,2.5,12107,1950,74,High,31.01,1,0,1,8.0,1.18,0,Fair,Condo,229800
2762,4,3.0,7046,1984,40,Medium,0.74,1,0,1,6.0,1.93,0,Fair,Multi-Family,341900
2045,3,1.5,6808,2013,11,Premium,20.43,3,0,1,1.0,1.48,1,Fair,Multi-Family,414500
1246,5,3.5,9751,2007,17,Low,5.24,1,0,1,2.0,1.26,0,Good,Condo,176200
1499,3,3.0,3251,2008,16,Premium,7.82,0,0,0,10.0,0.07,1,Excellent,Townhouse,489700
2476,6,4.0,8781,1950,74,Medium,14.18,2,0,0,3.0,1.34,0,Good,Single Family,355300
1489,4,3.5,9932,1952,72,High,3.58,2,0,1,10.0,6.61,1,Good,Single Family,376100
2152,2,1.5,10381,2016,8,Medium,4.5,2,1,1,3.0,3.52,0,Fair,Multi-Family,251600
2032,4,3.0,1221,1986,38,Low,4.21,1,0,1,2.0,0.47,0,Good,Single Family,234500
1544,3,1.5,5335,1978,46,Premium,3.76,2,0,1,2.0,2.68,1,Excellent,Single Family,467300
3501,4,3.0,4926,1982,42,Medium,20.78,2,0,1,6.0,6.68,1,Fair,Single Family,345700
2444,2,1.0,8350,2010,14,High,14.13,2,0,1,7.0,3.61,0,Excellent,Condo,464900
582,2,1.5,9683,1953,71,High,0.92,2,0,1,4.0,0.48,0,Good,Condo,139800
2131,5,3.0,13238,1963,61,Medium,0.92,2,1,1,1.0,6.07,0,Excellent,Single Family,393400
1537,3,3.0,6268,1982,42,Medium,4.47,2,1,1,6.0,1.08,0,Good,Multi-Family,262300
2597,5,4.0,6258,1971,53,High,0.83,2,0,1,7.0,1.82,1,Good,Multi-Family,573700
1445,3,2.5,12024,1997,27,Low,7.72,1,0,0,,2.24,0,Excellent,Single Family,193500
1920,4,4.0,9038,1952,72,High,1.24,2,0,1,6.0,5.7,0,Excellent,Single Family,438600
2353,4,2.5,12437,1972,52,Premium,5.91,2,0,1,9.0,8.05,0,Fair,Condo,510200
2606,4,4.0,9011,2017,7,Low,0.5,0,0,0,4.0,7.96,0,Excellent,Condo,362500
1160,3,3.0,3950,1970,54,Low,3.05,3,0,1,10.0,0.02,0,Fair,Single Family,137900
1766,3,2.0,3334,1992,32,High,9.05,1,0,1,4.0,7.65,1,Fair,Single Family,286700
1668,1,1.5,2570,1975,49,Medium,5.29,1,0,0,10.0,0.17,0,Good,Single Family,233700
1543,3,1.5,10317,1990,34,Medium,30.63,2,0,1,5.0,0.93,1,Good,Single Family,206900
3236,4,2.5,12160,1987,37,Low,16.58,1,1,0,3.0,2.17,0,Excellent,Single Family,394000
2283,5,3.5,14473,1960,64,Medium,3.56,1,0,0,10.0,1.96,0,Good,Condo,346900
1117,5,3.5,10951,1978,46,Low,0.5,0,0,1,2.0,2.78,0,Poor,Condo,89000
2643,4,2.5,12070,2009,15,Medium,14.95,1,0,1,9.0,1.96,0,Good,Townhouse,350100
3486,4,3.5,5970,2016,8,High,19.37,1,0,1,,8.17,1,Fair,Single Family,475200
2723,4,3.0,3953,2014,10,Medium,13.75,1,0,1,5.0,0.83,0,Good,Townhouse,358100
936,3,2.5,10975,2010,14,Medium,1.1,1,0,1,5.0,0.96,0,Good,Single Family,205200
1661,5,3.5,9462,1968,56,Premium,49.38,3,0,0,8.0,7.6,0,Fair,Single Family,285600
2887,4,2.0,8376,1995,29,High,2.39,3,0,0,6.0,0.24,0,Good,Townhouse,545900
1505,4,3.0,9356,1998,26,High,10.3,0,0,1,6.0,2.82,1,Good,Condo,326600
2311,2,1.0,9131,1971,53,Medium,19.09,2,0,0,6.0,3.43,0,Good,Single Family,301200
2542,3,2.0,12493,2006,18,High,2.15,0,1,1,4.0,2.11,1,Good,Condo,490800
1351,3,1.5,12532,1963,61,Low,19.11,0,1,1,1.0,3.55,0,Fair,Multi-Family,101800
1958,5,5.0,9905,1993,31,Low,2.96,0,0,1,3.0,0.57,0,Fair,Condo,210800
500,4,3.5,10960,1965,59,Medium,29.98,3,0,0,10.0,5.74,0,Fair,Townhouse,139500
1283,3,2.5,9799,1961,63,Medium,2.64,3,0,1,6.0,0.45,1,Fair,Multi-Family,186800
1823,6,5.5,6386,2004,20,High,24.54,1,0,1,5.0,1.54,1,Good,Condo,356100
1127,2,1.0,10648,2000,24,Medium,0.5,1,0,0,10.0,0.23,0,Excellent,Condo,235600
3143,3,2.5,3119,1988,36,High,9.88,1,0,1,1.0,2.36,0,Good,Single Family,499800
999,1,1.0,11689,1982,42,High,6.08,2,0,1,5.0,3.32,0,Good,Single Family,168300
1692,4,3.0,3819,1982,42,High,5.2,2,0,1,2.0,8.5,0,Good,Condo,288600
2092,5,4.5,9000,1978,46,Medium,2.02,1,0,0,1.0,4.03,0,Good,Townhouse,336500
3009,3,2.5,5042,2018,6,High,9.78,2,1,0,4.0,2.34,0,Excellent,Single Family,629800
995,5,4.0,9937,2019,5,Medium,1.69,1,0,1,6.0,8.09,0,Excellent,Multi-Family,242700
2814,3,1.5,7881,1980,44,Low,6.44,3,0,0,7.0,1.95,0,Good,Single Family,285300
2007,5,3.0,2418,1980,44,Premium,2.34,2,0,0,9.0,2.47,0,Fair,Condo,471200
1313,4,3.0,9472,1995,29,Low,24.92,1,0,0,5.0,2.72,1,Excellent,Single Family,187200
2323,5,4.0,5977,2001,23,Low,0.5,2,0,0,8.0,1.58,0,Fair,Single Family,213200
2139,1,1.0,11084,1959,65,Premium,1.78,2,0,0,8.0,5.47,1,Excellent,Townhouse,599000
1580,6,6.0,8005,2023,1,Medium,2.22,1,0,0,9.0,0.61,0,Excellent,Single Family,365600
2049,4,4.0,9384,1990,34,High,4.28,1,0,1,3.0,2.43,0,Fair,Single Family,366300
1730,3,2.5,4649,1952,72,Medium,2.12,3,0,1,3.0,3.84,0,Excellent,Single Family,293500
2079,5,4.0,5937,2008,16,Medium,5.41,1,0,1,9.0,7.03,0,Excellent,Single Family,420600
2463,3,2.0,6395,2001,23,Medium,16.47,0,1,1,7.0,6.46,0,Excellent,Townhouse,393100
3110,5,3.0,10998,1983,41,Medium,9.96,1,0,1,4.0,2.13,0,Good,Multi-Family,410100
1134,2,1.5,13871,1998,26,Medium,6.94,2,0,1,1.0,3.09,1,Fair,Single Family,167400
3493,4,3.0,5182,1977,47,High,0.75,2,0,1,7.0,1.5,0,Good,Condo,665000
634,4,2.5,11769,1962,62,Medium,9.47,3,1,1,10.0,1.89,1,Good,Condo,209700
1894,2,1.5,1000,2018,6,Premium,1.46,2,0,1,6.0,7.1,0,Fair,Multi-Family,400600
2412,3,2.0,3820,2016,8,Low,12.35,0,0,1,3.0,8.01,0,Good,Multi-Family,202000
2197,1,1.0,4644,2010,14,Medium,2.3,2,1,1,5.0,6.77,0,Good,Condo,270300
1564,3,1.5,3266,2009,15,High,4.32,2,0,1,3.0,0.45,1,Fair,Single Family,244600
1854,3,2.0,2457,2020,4,Premium,3.45,0,0,0,8.0,5.69,0,Good,Single Family,466900
1655,4,4.0,9445,1973,51,Low,15.66,1,0,0,5.0,8.89,1,Poor,Single Family,131500
1587,3,2.5,7251,2012,12,High,1.08,0,0,0,10.0,1.34,0,Good,Condo,338900
2595,3,1.5,9328,2010,14,Premium,6.67,2,0,0,10.0,2.19,1,Good,Condo,679900
2250,4,3.5,10417,1972,52,Medium,1.23,2,0,0,6.0,4.53,0,Fair,Condo,298000
1515,1,1.0,8930,1979,45,Premium,9.76,2,0,1,2.0,2.48,0,Excellent,Condo,386200
2630,5,4.5,10302,2009,15,Low,18.84,3,0,1,8.0,15.1,0,Poor,Single Family,204900
2215,5,3.5,7757,1967,57,High,4.56,0,0,1,9.0,1.82,0,Good,Condo,457500
2569,4,3.0,3846,2005,19,Premium,5.36,3,0,0,3.0,3.75,0,Excellent,Single Family,729300
2441,4,4.0,11702,2002,22,High,20.98,2,0,1,6.0,4.72,0,Excellent,Single Family,514000
1420,5,3.0,5938,1956,68,Medium,5.89,1,0,1,6.0,2.04,0,Poor,Single Family,170300
1608,2,1.0,4725,2018,6,Low,5.35,3,0,0,2.0,5.83,0,Excellent,Townhouse,238400
2523,2,1.0,7377,2021,3,Premium,6.91,1,1,1,10.0,2.37,0,Excellent,Single Family,749600
2427,3,3.0,4805,2001,23,Medium,9.35,2,0,1,8.0,1.59,0,Good,Townhouse,320300
1985,4,2.0,6539,1953,71,Low,0.9,2,1,1,5.0,0.34,0,Good,Single Family,244700
2082,1,1.0,9204,1983,41,High,13.77,2,0,0,8.0,1.5,1,Poor,Single Family,252800
2894,4,2.5,9219,2018,6,Medium,4.57,2,0,1,8.0,3.97,1,Good,Multi-Family,440200
1586,6,5.0,4858,1982,42,Low,0.6,0,0,1,3.0,7.63,0,Good,Condo,194300
2383,5,4.5,6293,2018,6,Medium,12.34,2,0,1,5.0,0.87,1,Excellent,Single Family,405200
1858,4,2.5,11760,1987,37,Low,3.79,1,1,1,7.0,1.32,0,Good,Single Family,241000
1848,2,1.5,9737,1975,49,High,0.85,2,1,1,5.0,0.5,0,Good,Multi-Family,372600
2769,5,4.5,15263,1950,74,High,8.04,2,0,1,6.0,3.52,0,Fair,Single Family,451100
2578,4,2.0,12130,1953,71,Medium,16.97,3,0,0,2.0,9.67,1,Fair,Condo,268400
2569,2,1.5,12005,1988,36,High,17.5,0,0,1,8.0,3.07,0,Fair,Single Family,360700
2914,2,1.5,3142,2003,21,Premium,25.3,2,0,0,5.0,2.88,1,Poor,Single Family,391200
2015,5,4.0,10674,1982,42,High,16.18,3,0,1,6.0,2.42,1,Good,Single Family,401900
2477,4,2.5,7814,1982,42,Low,0.5,2,0,1,1.0,0.28,0,Excellent,Condo,344600
1783,5,,6072,2021,3,High,3.83,0,0,0,10.0,3.92,0,Good,Condo,410800
2227,5,2.5,8588,1969,55,Medium,13.65,0,0,1,2.0,2.76,0,Good,Single Family,284300
1909,4,2.5,11308,1965,59,High,3.65,0,0,1,4.0,3.25,0,Good,Townhouse,343600
2068,4,3.5,9753,1970,54,High,7.36,2,0,0,9.0,6.87,0,Good,Townhouse,408500
2417,3,1.5,4925,1994,30,Medium,7.46,2,0,1,6.0,4.6,0,Good,Multi-Family,317800
1427,3,2.5,10599,2011,13,Premium,3.63,3,1,0,8.0,4.55,0,Good,Single Family,451800
3465,3,2.5,5768,1980,44,Low,18.79,1,0,1,2.0,7.86,0,Good,Single Family,260500
1296,4,3.0,8758,1991,33,High,5.6,1,0,0,10.0,13.8,0,Fair,Townhouse,250100
1150,4,3.0,6938,1961,63,Low,5.0,2,0,1,5.0,2.61,0,Poor,Single Family,148900
2811,5,3.0,7234,2014,10,Premium,47.98,2,0,1,1.0,0.35,0,Good,Single Family,478000
2554,3,2.0,10682,2022,2,Low,5.44,3,0,1,4.0,1.84,0,Excellent,Townhouse,347900
2437,4,3.5,4359,1952,72,Low,1.57,2,1,0,10.0,4.65,0,Good,Single Family,300700
2440,4,3.0,14808,1958,66,Medium,5.76,1,1,1,1.0,0.08,1,Excellent,Single Family,431200
1991,4,2.5,1626,2000,24,Medium,13.46,2,0,1,9.0,0.18,0,Good,Single Family,242900
1372,4,3.0,5908,1965,59,Medium,12.0,2,0,0,2.0,0.21,0,Good,Townhouse,209500
2053,3,2.5,9296,1952,72,High,12.43,1,0,1,7.0,3.94,1,Good,Single Family,365200
1526,4,2.0,10045,1973,51,Medium,9.85,1,0,0,3.0,2.09,0,Excellent,Townhouse,267900
2683,2,2.0,7648,2022,2,Low,2.35,1,0,1,2.0,1.38,1,Fair,Condo,253200
1897,3,2.0,7799,1962,62,Medium,15.85,0,0,1,4.0,0.33,0,Good,Single Family,256800
1422,3,2.5,9437,1951,73,High,17.91,2,0,1,7.0,3.95,1,Fair,Single Family,234800
1775,4,3.5,7191,2020,4,High,1.73,0,0,1,7.0,1.16,1,Good,Single Family,446000
2289,6,3.5,12876,1970,54,High,1.12,1,0,1,9.0,0.92,0,Excellent,Condo,612800
1605,4,2.5,10938,1968,56,High,29.71,1,0,0,3.0,3.17,0,Good,Single Family,269200
1424,4,3.0,11055,1996,28,Medium,16.22,2,0,1,7.0,2.46,1,Good,Multi-Family,240700
2171,4,2.5,4618,1971,53,Low,17.9,1,0,1,6.0,1.35,1,Excellent,Single Family,261900
2171,4,4.0,7722,1982,42,Medium,17.4,2,0,1,10.0,3.08,1,Good,Single Family,286100
1645,2,1.0,6948,1981,43,High,6.24,0,0,1,7.0,0.95,0,Good,Single Family,288300
1670,3,2.0,4480,2013,11,Premium,8.32,0,0,0,7.0,4.75,1,Excellent,Townhouse,525800
2162,3,2.5,9261,1988,36,Medium,6.31,1,1,1,10.0,0.78,0,Good,Single Family,339200
986,3,1.5,6118,2021,3,Low,0.5,1,0,0,5.0,0.52,0,Good,Single Family,117900
1015,1,1.0,10294,1991,33,Low,10.95,1,0,0,9.0,4.58,0,Fair,Townhouse,90300
1497,2,1.5,4254,1958,66,Medium,5.63,0,0,1,7.0,3.69,0,Fair,Condo,161400
1851,3,2.0,14017,1974,50,High,8.35,2,0,0,7.0,0.61,0,Good,Condo,361900
2218,6,4.5,4863,1951,73,Low,5.59,2,0,0,3.0,0.37,0,Good,Condo,228200
3033,3,,8768,1968,56,Premium,5.42,0,0,1,1.0,5.47,0,Excellent,Condo,786900
2600,3,1.5,10772,1969,55,Medium,1.51,0,1,0,5.0,4.5,0,Excellent,Single Family,441400
1888,2,1.5,6003,2019,5,Premium,2.61,3,0,0,8.0,1.19,1,Excellent,Single Family,601900
1987,4,4.0,10984,1966,58,High,1.38,2,0,0,5.0,3.22,0,Good,Townhouse,433400
1298,3,2.5,3698,2017,7,High,1.74,1,0,0,10.0,0.4,0,Excellent,Single Family,366100
1987,3,2.5,13082,1952,72,High,28.89,2,0,1,3.0,2.12,0,Good,Condo,309400
1798,4,3.5,8050,2000,24,High,1.33,2,0,1,9.0,0.06,0,Good,Single Family,418900
2226,1,1.0,5913,1975,49,High,2.51,2,0,1,2.0,1.49,0,Good,Single Family,378500
1421,1,,6953,2005,19,High,7.14,1,1,1,3.0,0.23,0,Poor,Single Family,191100
2364,3,2.5,10831,2013,11,High,7.54,1,0,0,4.0,1.93,0,Fair,Single Family,385900
3073,1,1.5,5954,1957,67,Premium,1.34,0,0,0,10.0,1.64,1,Excellent,Condo,834300
1924,2,1.0,5377,1986,38,High,12.63,3,0,0,1.0,1.76,0,Good,Single Family,311800
2281,3,3.5,7225,1976,48,High,12.3,2,0,1,4.0,0.14,0,Good,Single Family,393900
2483,5,,3881,1994,30,Premium,2.17,1,0,1,4.0,1.35,0,Good,Multi-Family,625100
1719,4,3.5,14372,1953,71,Medium,2.72,3,0,1,9.0,4.24,0,Excellent,Single Family,329400
2157,4,3.0,6018,1986,38,Low,22.24,3,1,0,8.0,1.38,0,Good,Townhouse,222100
2009,3,2.0,10911,2020,4,Medium,13.97,3,0,0,2.0,3.77,0,Good,Multi-Family,279500
2068,5,4.5,8733,1982,42,Medium,9.57,2,0,1,,1.38,0,Fair,Multi-Family,317100
1459,3,2.5,4554,1980,44,High,0.69,3,1,0,6.0,1.65,0,Fair,Townhouse,297400
2017,2,1.0,7979,2004,20,Medium,4.33,1,1,1,7.0,2.49,0,Excellent,Single Family,351700
2349,4,2.5,10744,1961,63,High,6.56,2,0,1,4.0,9.03,0,Good,Multi-Family,393100
3016,2,1.5,7341,1960,64,Medium,1.66,2,1,1,5.0,0.35,1,Good,Townhouse,433000
2671,3,2.5,12176,2021,3,Low,4.76,1,0,1,6.0,0.1,0,Good,Townhouse,283700
3507,4,3.0,11575,1981,43,High,7.35,0,0,1,9.0,2.81,0,Excellent,Single Family,729500
1463,5,4.5,11216,2006,18,High,3.17,3,0,1,2.0,8.93,0,Good,Multi-Family,324400
2611,3,1.0,6391,1987,37,Low,12.15,1,1,1,9.0,13.73,1,Good,Townhouse,249900
2128,4,3.0,4221,2009,15,High,14.68,2,0,0,10.0,1.99,1,Good,Townhouse,423300
3533,6,3.5,5852,1968,56,High,3.13,0,0,1,1.0,1.89,0,Poor,Single Family,394000
1434,2,2.0,8687,2005,19,Low,14.59,0,0,1,4.0,3.11,1,Excellent,Single Family,208200
1412,3,2.0,9910,1963,61,Low,0.87,1,0,0,5.0,2.43,0,Excellent,Multi-Family,193100
1580,3,2.5,1000,1982,42,Premium,14.55,1,0,1,9.0,3.02,1,Excellent,Single Family,452500
513,3,1.5,7972,1959,65,Medium,1.33,2,0,0,6.0,6.21,0,Excellent,Single Family,140000
1632,3,3.0,8553,2013,11,Medium,0.69,2,1,1,4.0,4.11,0,Excellent,Townhouse,338300
1469,5,4.5,7029,2013,11,Low,8.21,0,0,1,2.0,2.06,0,Good,Single Family,162200
2105,4,3.5,12519,2011,13,High,5.11,1,0,0,5.0,1.86,0,Excellent,Single Family,487300
2239,4,3.0,9476,2017,7,High,19.08,1,0,0,8.0,3.06,0,Good,Single Family,409500
3313,3,2.5,12586,1992,32,High,3.61,1,1,1,8.0,1.82,0,Fair,Single Family,565600
2665,5,3.5,7244,2008,16,Low,2.71,2,0,1,6.0,1.84,0,Good,Single Family,300500
1596,6,5.0,11281,2001,23,Premium,5.56,1,0,1,1.0,0.05,0,Excellent,Single Family,598900
1371,5,4.5,13723,1968,56,Medium,4.87,0,1,0,8.0,0.57,0,Good,Single Family,268800
2344,1,1.5,12591,1970,54,Medium,3.38,1,0,1,4.0,2.01,1,Excellent,Condo,413200
1076,4,2.5,4178,1971,53,Medium,9.47,0,0,1,2.0,5.19,1,Fair,Multi-Family,124800
3282,2,1.5,7112,1958,66,Medium,11.4,0,0,0,1.0,0.98,1,Good,Single Family,359000
2826,3,1.5,6792,1958,66,Premium,15.34,1,1,0,7.0,2.22,1,Good,Single Family,599000
1672,2,2.0,9712,2022,2,Premium,28.85,2,0,0,2.0,1.27,0,Fair,Single Family,298900
801,4,3.5,10402,1976,48,Medium,2.48,3,0,0,4.0,0.33,0,Fair,Townhouse,176200
2948,4,2.0,5064,1966,58,Premium,10.07,2,1,1,4.0,9.53,0,Fair,Multi-Family,562000
1920,2,1.0,8237,1993,31,High,4.01,1,0,0,10.0,5.79,0,Excellent,Single Family,416100
2866,3,2.0,1000,1994,30,Premium,9.04,1,0,1,1.0,0.25,0,Fair,Single Family,524500
884,3,2.0,13047,1957,67,Medium,5.17,2,0,1,2.0,3.82,1,Fair,Condo,134000
1580,3,1.5,6207,1967,57,High,40.63,2,0,0,1.0,1.28,0,Poor,Townhouse,130800
2004,2,1.5,8196,1982,42,Medium,10.44,3,0,1,6.0,15.81,1,Good,Single Family,258500
2033,3,2.5,6916,1950,74,High,24.37,0,0,0,3.0,1.08,0,Good,Condo,286000
1685,4,3.0,12011,1955,69,Low,14.41,0,1,1,1.0,0.82,1,Good,Condo,172300
2436,2,,1000,1990,34,High,18.66,2,0,0,8.0,2.52,0,Good,Multi-Family,354000
1253,2,2.0,7942,2004,20,Medium,13.47,2,0,1,4.0,5.41,0,Fair,Single Family,173600
1900,3,3.0,7630,1954,70,Medium,4.92,2,0,1,10.0,0.64,1,Good,Multi-Family,311200
2084,5,3.5,6412,2008,16,High,2.32,2,0,1,7.0,3.71,0,Excellent,Single Family,550400
2360,4,2.5,14042,1967,57,Premium,3.7,3,0,1,10.0,0.19,0,Fair,Condo,560300
2498,4,3.5,4894,1998,26,High,0.5,2,1,1,2.0,7.54,0,Good,Condo,464300
1213,3,2.0,10701,2014,10,Premium,5.94,3,0,0,6.0,0.25,0,Fair,Single Family,323700
926,4,3.0,9247,2003,21,Medium,5.63,3,1,1,6.0,7.37,0,Fair,Condo,196200
2894,1,1.0,12415,2010,14,Medium,5.96,2,0,1,7.0,2.02,0,Good,Single Family,365200
2233,4,2.0,5665,1957,67,Medium,29.21,1,0,1,1.0,1.78,0,Good,Single Family,263200
1476,5,4.5,5435,1952,72,Low,19.39,1,0,0,1.0,10.87,0,Fair,Single Family,98300
3086,4,3.0,11836,1974,50,High,1.41,2,0,0,2.0,13.93,0,Good,Single Family,546600
2081,5,3.5,9489,2018,6,High,3.68,1,0,1,2.0,3.15,1,Excellent,Single Family,509600
2826,4,3.0,2593,2004,20,High,4.41,2,0,1,5.0,0.41,1,Excellent,Multi-Family,630900
2047,2,1.5,6112,1989,35,High,3.58,0,0,0,1.0,2.12,0,Excellent,Single Family,368700
3443,5,2.5,9352,1999,25,High,12.82,1,0,1,2.0,2.26,0,Good,Single Family,598200
3229,2,2.5,10932,1982,42,Low,5.94,2,0,1,6.0,2.17,0,Good,Single Family,333400
1826,4,3.0,5623,1967,57,Low,6.79,0,0,1,3.0,2.53,1,Good,Single Family,208100
2680,2,2.0,1000,2006,18,High,15.34,1,0,1,4.0,0.06,1,Fair,Single Family,367500
2452,1,1.5,9831,1965,59,Medium,13.12,1,0,0,1.0,3.73,1,Good,Single Family,268200
2958,3,1.5,3729,1987,37,Low,1.13,2,0,0,5.0,3.74,0,Good,Single Family,311600
1325,3,2.5,1000,1990,34,Medium,10.01,1,0,0,4.0,0.37,0,Fair,Single Family,142200
2480,3,2.0,1000,1956,68,High,4.57,2,0,1,8.0,2.53,0,Excellent,Townhouse,512500
2741,4,3.5,10849,2002,22,Medium,2.79,1,0,1,3.0,2.52,0,Fair,Condo,329700
769,1,1.0,8450,2012,12,High,0.5,3,0,0,10.0,3.44,0,Good,Single Family,213300
1172,2,1.5,7210,1981,43,High,5.34,1,0,1,,0.27,0,Fair,Single Family,156900
573,4,2.5,12862,1987,37,Medium,3.51,1,1,1,10.0,2.95,1,Good,Townhouse,161000
1811,3,2.5,10231,1971,53,High,2.32,0,0,0,5.0,0.99,0,Poor,Single Family,227500
2502,4,3.5,13657,1965,59,High,9.49,0,0,0,1.0,2.12,1,Fair,Multi-Family,398700
3052,4,2.5,3125,2001,23,High,11.74,2,0,1,5.0,4.45,0,Good,Single Family,494700
2052,5,3.5,7879,1978,46,High,2.25,0,0,0,9.0,3.67,1,Good,Single Family,452900
3140,4,3.0,2342,1965,59,Low,0.5,1,0,1,5.0,0.38,1,Good,Condo,359900
1034,3,1.5,7197,1966,58,High,15.11,2,1,1,2.0,2.68,1,Fair,Townhouse,185600
808,4,3.5,7130,2013,11,Medium,0.5,1,0,1,2.0,10.43,1,Good,Single Family,140900
1961,3,2.0,10193,1962,62,Premium,22.13,1,0,1,10.0,0.51,1,Good,Single Family,468300
2269,3,1.0,8159,2021,3,High,7.9,2,0,1,9.0,5.75,0,Good,Single Family,397600
1977,4,3.0,10182,2005,19,High,3.11,3,0,1,5.0,3.64,0,Excellent,Multi-Family,485000
553,3,1.5,10462,1954,70,Medium,2.26,0,1,1,8.0,4.46,0,Good,Condo,98900
1938,4,2.0,15542,1961,63,Medium,0.5,1,0,1,10.0,0.99,1,Good,Single Family,355200
1087,5,3.0,6896,1990,34,Medium,2.15,3,0,0,4.0,1.02,1,Excellent,Single Family,279300
2469,5,4.0,4706,1952,72,Medium,1.19,0,0,0,2.0,7.09,0,Excellent,Single Family,426000
2257,5,4.5,8861,1982,42,Medium,7.58,3,0,1,4.0,1.34,0,Excellent,Single Family,405700
1342,3,2.5,5192,1999,25,Medium,1.46,0,0,1,4.0,0.2,0,Good,Single Family,201100
1640,3,2.0,13187,2005,19,Low,6.02,2,1,0,9.0,2.75,1,Good,Condo,215000
1259,4,3.5,7009,1958,66,Premium,7.14,1,0,0,10.0,0.4,0,Fair,Single Family,300300
1956,3,2.0,6020,1999,25,Low,2.83,3,0,1,6.0,4.78,0,Good,Single Family,247700
2669,4,2.5,6350,1978,46,Premium,0.5,1,0,0,10.0,3.08,0,Excellent,Condo,865900
1310,4,2.5,10514,1988,36,Premium,0.5,2,0,1,6.0,6.23,0,Good,Single Family,385300
2353,4,2.0,7448,1994,30,Medium,0.5,0,0,1,5.0,4.61,0,Excellent,Single Family,420200
1629,3,2.0,5754,1966,58,High,10.75,1,0,1,6.0,0.36,0,Good,Single Family,290900
1445,2,1.5,13829,2005,19,Medium,3.06,2,0,0,1.0,1.44,1,Good,Single Family,244600
1925,3,2.0,5003,1995,29,High,12.73,2,0,0,5.0,4.47,0,Excellent,Townhouse,413400
1275,2,1.5,8124,2016,8,Medium,4.52,3,1,0,6.0,1.62,0,Excellent,Condo,255500
1612,5,3.0,10283,2018,6,Medium,4.83,1,0,0,8.0,10.77,1,Excellent,Single Family,329300
1161,3,2.5,2290,1963,61,High,5.75,2,0,1,4.0,3.99,1,Excellent,Single Family,303500
3375,2,1.0,9681,2016,8,Medium,9.99,1,0,1,5.0,0.05,1,Good,Single Family,448800
2025,1,1.0,4307,1972,52,High,2.56,3,0,0,4.0,6.36,0,Good,Condo,337900
1510,4,2.5,10880,2010,14,Medium,1.04,3,0,0,7.0,0.32,1,Excellent,Single Family,362400
2150,4,2.5,4631,1972,52,Medium,6.5,1,1,0,10.0,0.45,0,Good,Single Family,338100
1921,3,1.5,10425,1976,48,Low,3.17,2,0,1,6.0,3.98,1,Fair,Single Family,216800
1845,2,1.0,11870,2003,21,Low,4.67,2,0,1,4.0,6.01,0,Good,Single Family,212100
2430,3,3.0,11015,1959,65,Medium,8.33,1,0,1,6.0,2.31,0,Good,Condo,328800
2530,3,2.5,8880,1965,59,Low,5.45,2,0,1,4.0,1.02,0,Fair,Townhouse,234500
1629,4,3.5,7190,1990,34,Low,7.75,0,0,1,8.0,1.3,0,Good,Multi-Family,193700
1597,4,3.5,5983,2004,20,High,6.29,2,1,1,3.0,1.26,1,Fair,Single Family,308200
1807,3,1.5,13149,2010,14,Low,10.77,1,0,0,8.0,1.19,0,Good,Condo,204800
500,3,2.0,5552,1998,26,High,9.79,0,0,1,2.0,0.83,0,Excellent,Condo,150200
939,6,4.0,4370,2022,2,Medium,6.11,1,0,0,6.0,2.82,0,Good,Multi-Family,171000
2957,3,3.0,10329,2001,23,Premium,9.09,2,0,1,8.0,6.92,0,Excellent,Single Family,834000
3151,4,2.5,5214,1951,73,Medium,16.54,2,0,0,1.0,1.1,1,Good,Condo,386600
1826,2,2.0,4675,1999,25,Medium,4.53,3,1,1,6.0,0.62,1,Excellent,Single Family,369300
2404,3,3.0,2947,1992,32,Medium,4.26,1,0,0,9.0,5.47,1,Fair,Condo,321200
2218,1,2.0,6310,1957,67,Medium,11.56,0,1,1,10.0,4.06,0,Poor,Single Family,197100
4155,4,3.0,7710,2008,16,High,6.99,2,0,0,10.0,8.01,0,Excellent,Townhouse,848300
2784,6,5.0,8851,2014,10,Low,0.59,2,0,1,2.0,0.54,0,Excellent,Townhouse,417400
1910,3,3.5,11330,1961,63,Premium,17.81,1,0,1,1.0,0.47,0,Fair,Single Family,343500
1331,1,1.0,9844,1953,71,Medium,0.5,1,0,0,2.0,2.34,0,Excellent,Single Family,188500
875,1,1.0,7332,1990,34,Medium,11.04,2,1,1,5.0,2.86,1,Good,Single Family,165100
2142,3,1.0,7306,1956,68,High,11.38,1,0,1,6.0,1.96,0,Excellent,Single Family,430600
1471,2,2.0,9786,2018,6,Medium,24.48,2,0,0,1.0,2.74,0,Good,Single Family,202800
1004,1,1.0,12454,2018,6,High,0.5,2,0,1,7.0,0.6,0,Good,Single Family,223800
1547,4,3.0,8442,1979,45,Medium,7.27,2,0,1,4.0,1.96,0,Good,Townhouse,240900
1243,3,2.5,6358,2022,2,High,4.47,2,0,1,9.0,3.22,1,Good,Single Family,293700
3181,3,2.5,4525,1955,69,Low,3.21,1,0,0,6.0,1.7,0,Good,Condo,324700
2617,5,4.0,2942,1968,56,High,0.76,2,0,1,9.0,3.41,0,Good,Townhouse,541100
1994,2,1.5,10332,2015,9,High,6.62,2,0,1,1.0,1.8,0,Poor,Multi-Family,262900
3036,6,5.5,10023,1959,65,Medium,5.22,1,0,1,4.0,1.22,1,Fair,Townhouse,386300
2054,3,1.5,10021,1965,59,Low,0.88,2,0,1,2.0,1.09,1,Fair,Single Family,188500
1397,5,3.5,7550,1986,38,Medium,7.58,1,1,0,6.0,1.59,0,Excellent,Townhouse,291400
3066,4,2.5,12924,1981,43,Premium,10.71,2,0,0,4.0,0.07,0,Good,Single Family,675900
2377,5,4.0,6306,1996,28,Medium,11.66,1,1,1,9.0,3.31,0,Excellent,Multi-Family,427900
1274,6,5.0,11343,2021,3,Medium,18.86,2,0,1,3.0,5.6,0,Excellent,Condo,257000
1867,3,2.5,7864,1992,32,Low,4.21,0,0,1,1.0,1.31,1,Good,Townhouse,179800
1387,6,5.0,5871,1985,39,Medium,24.47,1,0,0,1.0,0.14,1,Excellent,Single Family,259400
1032,3,1.5,10074,1975,49,High,16.05,3,0,1,9.0,12.98,1,Good,Condo,227800
2648,3,3.5,9434,1959,65,Premium,2.81,2,1,0,9.0,0.92,0,Fair,Townhouse,630400
3337,3,3.0,9249,1980,44,Medium,1.39,1,0,1,5.0,0.41,1,Good,Townhouse,468400
1021,4,3.5,8284,1978,46,High,4.57,1,0,1,2.0,1.38,0,Good,Single Family,200400
2394,2,2.5,7867,1954,70,Medium,4.11,1,0,1,9.0,4.02,1,Excellent,Multi-Family,420400
1545,4,2.0,16359,1950,74,Low,6.86,2,0,0,8.0,1.04,0,Good,Single Family,207400
1659,4,2.5,12145,1952,72,Medium,7.0,2,0,1,10.0,2.56,0,Fair,Condo,257300
1585,4,2.5,10530,2016,8,High,11.09,2,0,1,10.0,1.61,0,Good,Condo,381000
1395,5,4.0,8391,2020,4,Premium,5.71,2,0,1,6.0,0.38,0,Good,Single Family,481100
2034,3,1.5,11525,1984,40,Premium,0.89,2,0,0,7.0,1.2,0,Fair,Single Family,454700
1418,3,2.5,9813,1964,60,Medium,15.63,1,0,1,6.0,3.87,1,Good,Townhouse,236300
2189,3,3.0,8092,2016,8,Medium,2.97,0,0,0,5.0,2.84,0,Excellent,Single Family,380000
1965,2,2.0,6938,1979,45,Medium,28.41,2,0,1,4.0,0.38,0,Excellent,Single Family,283800
1833,2,1.5,7717,1992,32,Premium,1.0,3,0,0,7.0,0.53,0,Good,Townhouse,488600
1365,3,1.5,1000,2009,15,Premium,25.41,2,0,0,4.0,3.07,0,Good,Townhouse,268300
1596,3,1.5,8737,1989,35,High,0.76,2,0,0,10.0,5.04,1,Fair,Condo,335000
2529,6,5.0,6290,2014,10,Medium,2.1,2,0,0,10.0,1.29,0,Good,Single Family,416600
2351,4,3.5,13574,1978,46,Medium,0.5,3,0,0,10.0,2.71,0,Excellent,Single Family,500500
1316,3,2.0,8068,2023,1,Medium,9.77,1,0,1,9.0,0.56,1,Good,Condo,225500
2070,4,2.5,3839,1968,56,Medium,15.19,1,0,0,5.0,1.12,1,Fair,Condo,221500
2526,2,1.0,7825,1952,72,Medium,4.55,3,0,1,8.0,0.06,0,Excellent,Condo,401700
831,3,1.5,4339,1985,39,Low,21.11,2,1,0,6.0,4.39,1,Excellent,Townhouse,157700
2380,4,4.0,9657,1992,32,Low,7.14,1,1,1,4.0,1.54,0,Good,Single Family,241300
1536,3,1.5,9018,1964,60,Premium,7.95,1,0,1,3.0,5.08,1,Fair,Single Family,341400
2399,3,2.5,11352,1990,34,High,14.94,1,0,0,6.0,3.7,0,Fair,Multi-Family,388200
1466,6,5.0,5232,1985,39,Medium,2.82,0,1,1,1.0,5.29,1,Fair,Single Family,231200
737,5,3.0,8119,1982,42,Medium,3.5,3,0,0,2.0,1.01,0,Good,Condo,154700
861,4,3.0,3222,1954,70,Medium,18.91,1,0,1,7.0,0.61,0,Fair,Multi-Family,123300
2034,4,3.5,10455,1963,61,High,18.5,2,0,1,4.0,10.72,0,Excellent,Multi-Family,377600
2182,4,3.0,9816,2017,7,High,30.0,1,0,0,5.0,3.79,0,Excellent,Condo,462300
1367,3,4.0,9735,1996,28,High,18.57,2,0,0,10.0,5.39,1,Good,Single Family,306400
2447,3,1.0,8006,2003,21,High,1.09,0,1,0,1.0,0.04,0,Good,Multi-Family,429800
837,1,1.5,9452,1953,71,Medium,13.89,2,0,0,2.0,1.31,0,Good,Condo,94500
1954,3,2.0,13615,1958,66,Medium,4.22,2,0,1,4.0,4.07,0,Excellent,Single Family,341600
1152,4,3.5,7002,2002,22,Medium,37.51,2,0,1,8.0,0.24,0,Excellent,Condo,185600
1544,3,,8485,2009,15,Medium,5.11,0,0,0,10.0,2.51,1,Fair,Single Family,206400
2033,6,4.0,4199,1995,29,High,6.46,1,0,0,4.0,1.68,0,Fair,Townhouse,359100
1398,5,4.0,4961,2003,21,Medium,6.04,0,0,0,3.0,0.05,0,Excellent,Single Family,295000
1731,4,2.0,8342,2023,1,Low,3.11,1,0,0,3.0,0.81,1,Good,Townhouse,231400
2704,4,3.5,11864,1986,38,Medium,0.62,2,1,1,5.0,1.01,1,Fair,Townhouse,388000
1596,5,4.0,7103,1972,52,Premium,18.08,2,0,0,3.0,0.36,0,Good,Townhouse,384000
2585,2,2.0,7174,1976,48,Medium,12.98,2,0,1,8.0,3.0,0,Excellent,Condo,394700
1209,4,3.5,6576,2019,5,High,1.2,2,0,0,5.0,0.83,1,Fair,Townhouse,298700
2371,2,1.5,6128,2015,9,Medium,12.0,1,0,0,7.0,0.98,1,Excellent,Single Family,362000
3009,4,3.0,9032,2010,14,Low,7.86,1,0,1,8.0,6.86,1,Fair,Single Family,267900
500,3,1.5,2760,2000,24,Medium,4.21,0,1,1,5.0,1.89,1,Excellent,Townhouse,147700
1442,5,3.5,12483,1999,25,High,2.34,2,1,1,8.0,1.49,1,Good,Single Family,399000
2404,5,4.5,5671,1968,56,Medium,15.71,2,0,1,3.0,3.86,1,Good,Single Family,322500
1858,2,2.5,10527,1950,74,Premium,9.64,1,0,1,7.0,7.21,1,Good,Single Family,431500
2260,3,2.0,3555,1989,35,Medium,6.35,1,0,0,8.0,0.08,0,Excellent,Single Family,388800
1577,6,4.5,10341,1981,43,Low,7.52,2,0,1,7.0,1.78,0,Excellent,Townhouse,223300
2061,3,1.5,10352,1971,53,Premium,0.76,2,0,1,2.0,2.83,0,Good,Condo,472600
1891,5,4.5,9345,2015,9,Medium,5.14,2,1,0,8.0,1.15,0,Good,Single Family,331900
2817,4,3.5,4520,1989,35,High,1.72,1,0,1,6.0,4.44,1,Good,Townhouse,552500
2178,3,3.5,8873,1987,37,High,1.87,1,0,0,10.0,10.67,1,Good,Single Family,424400
2236,3,1.5,3859,1997,27,Medium,8.66,3,0,0,3.0,8.62,1,Excellent,Townhouse,351900
1712,3,2.0,7115,2004,20,High,19.38,2,0,1,4.0,0.93,1,Poor,Single Family,221200
1659,4,3.0,11603,2004,20,Low,4.14,1,0,1,7.0,0.77,0,Fair,Condo,194900
1697,3,2.5,10788,2000,24,Medium,1.86,2,0,1,3.0,9.47,1,Good,Single Family,297500
2276,4,3.0,8053,2009,15,Low,8.37,2,0,0,1.0,1.84,0,Fair,Single Family,222400
1705,3,,4588,1957,67,High,16.4,1,0,1,6.0,0.7,0,Excellent,Townhouse,352400
2203,4,3.5,10260,2017,7,Medium,11.04,1,0,1,3.0,3.68,0,Good,Single Family,312300
3453,5,4.0,8068,2021,3,High,16.25,1,0,0,10.0,1.0,1,Good,Multi-Family,635900
2610,6,4.0,1000,1958,66,Premium,6.15,0,0,1,6.0,0.93,0,Excellent,Condo,739500
1772,3,3.0,10739,1951,73,Medium,11.15,2,1,1,10.0,6.34,1,Good,Single Family,245800
2841,5,4.5,7915,2019,5,Medium,1.21,1,0,1,3.0,0.53,0,Good,Condo,480700
1714,4,3.0,12209,2008,16,Medium,3.43,2,0,0,6.0,0.2,0,Poor,Single Family,208500
573,4,3.0,4167,1968,56,Medium,3.95,3,0,0,4.0,0.94,0,Good,Single Family,137200
1294,6,5.0,1000,1977,47,Medium,5.73,0,0,1,4.0,2.8,0,Fair,Multi-Family,171500
690,3,1.5,8977,2021,3,High,21.17,1,0,1,10.0,0.39,1,Good,Single Family,243000
1754,2,1.5,9020,1963,61,Premium,16.59,2,0,1,10.0,1.91,0,Good,Condo,388300
2013,5,2.5,2083,1973,51,Premium,1.16,2,0,0,2.0,2.96,1,Good,Single Family,503600
3174,3,3.0,4575,1993,31,Premium,1.52,2,0,1,4.0,5.67,1,Good,Condo,724600
2229,5,3.0,17643,2005,19,Premium,3.54,1,0,1,4.0,0.78,1,Fair,Single Family,570200
1847,5,4.5,6930,2000,24,Medium,2.75,1,0,0,7.0,5.1,0,Excellent,Single Family,361100
2581,2,1.5,10558,1981,43,High,7.63,2,0,1,5.0,0.8,1,Fair,Multi-Family,378900
500,5,3.5,5723,1999,25,Premium,18.65,3,0,1,8.0,3.39,0,Excellent,Single Family,280400
2165,3,2.0,1000,1990,34,Medium,26.22,1,0,0,7.0,1.69,0,Good,Condo,247700
2540,4,3.0,7404,2015,9,Premium,8.48,3,0,0,10.0,0.37,0,Good,Condo,648600
965,4,4.0,7070,1974,50,Medium,14.57,1,0,1,9.0,3.76,1,Good,Condo,152600
2801,5,2.5,6600,2010,14,High,5.96,3,0,1,8.0,0.74,0,Excellent,Condo,661200
2237,1,1.5,7599,2015,9,High,1.87,2,1,1,9.0,0.58,0,Fair,Single Family,379100
1709,3,2.5,8925,1991,33,Premium,5.95,1,1,0,1.0,1.33,0,Good,Single Family,451500
2443,4,2.5,7475,2014,10,Medium,6.48,2,0,0,10.0,3.18,0,Excellent,Multi-Family,430900
3589,4,2.5,3576,1985,39,High,10.85,1,0,1,3.0,0.8,0,Excellent,Townhouse,703300
2127,4,4.0,9702,1958,66,Medium,1.99,1,0,1,5.0,0.61,1,Good,Single Family,337100
2174,2,1.0,1177,1985,39,Medium,3.67,0,0,0,9.0,0.03,0,Excellent,Single Family,349900
1678,3,1.5,1000,1987,37,High,3.62,0,0,1,8.0,1.91,1,Good,Townhouse,351700
1405,3,3.0,10587,1982,42,High,25.64,1,0,0,10.0,1.68,0,Fair,Multi-Family,216400
2581,5,4.0,9775,1991,33,High,4.7,2,0,0,,0.8,1,Good,Multi-Family,510400
1401,3,1.5,7799,2010,14,Medium,11.26,2,0,0,2.0,0.17,0,Good,Townhouse,216100
2050,3,2.5,3116,1995,29,Medium,11.12,0,0,0,6.0,1.68,0,Good,Single Family,244400
1666,6,4.0,5522,2010,14,High,2.47,2,0,1,4.0,4.66,0,Excellent,Multi-Family,438000
2335,1,1.5,7080,1967,57,Medium,6.79,2,0,1,5.0,3.77,0,Good,Townhouse,265600
2234,6,5.0,2414,2019,5,Low,17.98,3,0,1,5.0,5.92,1,Poor,Single Family,192500
2726,4,3.5,5413,1964,60,Premium,5.16,2,0,1,4.0,0.03,0,Excellent,Single Family,750200
1643,5,4.0,10283,1997,27,Medium,23.22,1,0,1,4.0,10.18,1,Fair,Single Family,193600
1811,3,3.5,12996,2021,3,High,1.93,1,0,1,4.0,1.25,1,Excellent,Condo,469900
1315,1,1.0,6532,1962,62,Medium,0.62,2,0,1,2.0,13.94,0,Excellent,Single Family,177300
1689,4,2.5,10648,1992,32,Medium,17.76,0,0,1,1.0,0.87,0,Excellent,Single Family,268500
2264,5,4.0,1301,2009,15,Medium,15.05,0,0,1,2.0,1.91,0,Excellent,Single Family,369200
2530,4,4.5,10308,2006,18,Medium,39.24,0,0,1,7.0,1.31,0,Fair,Single Family,231500
1354,2,1.0,5186,2020,4,Medium,9.1,1,0,0,1.0,1.32,0,Good,Single Family,172700
2609,4,3.0,9076,1966,58,Medium,22.08,1,0,1,6.0,5.54,1,Fair,Townhouse,307300
2949,4,3.0,7133,1999,25,Medium,14.03,1,0,1,4.0,4.12,0,Fair,Single Family,346200
2289,4,3.0,12621,1981,43,Low,14.89,0,0,1,2.0,14.54,0,Good,Multi-Family,194900
3314,4,2.5,4939,1971,53,Medium,6.74,2,0,0,3.0,2.85,0,Poor,Townhouse,293600
1458,5,4.5,10197,2004,20,Low,3.85,2,0,1,7.0,1.87,0,Excellent,Multi-Family,287800
1129,4,4.5,7022,2006,18,Low,21.81,1,1,1,6.0,0.28,1,Excellent,Condo,170000
755,2,1.5,7446,1962,62,Premium,4.53,0,0,0,6.0,17.02,1,Good,Single Family,138000
3047,3,1.5,7357,1996,28,High,6.19,0,0,1,8.0,2.41,1,Good,Single Family,532500
2458,2,1.0,5040,2011,13,High,4.73,1,0,0,8.0,3.62,1,Good,Single Family,446100
1961,3,2.5,7951,2003,21,Medium,6.66,1,0,0,6.0,1.57,0,Excellent,Multi-Family,330200
2196,3,3.0,7781,1978,46,Premium,5.09,1,0,1,1.0,2.38,0,Good,Single Family,522300
1212,2,2.0,8844,1971,53,High,0.5,2,0,1,10.0,8.57,0,Fair,Condo,235500
3712,3,2.0,8296,2014,10,High,17.1,2,0,1,7.0,0.55,1,Good,Townhouse,594300
2090,2,1.0,10793,1978,46,Medium,4.7,1,0,1,8.0,1.04,1,Good,Multi-Family,300800
2077,5,3.0,11232,1997,27,Premium,7.11,1,0,0,5.0,0.49,0,Excellent,Townhouse,639100
2508,5,4.5,4323,1954,70,High,1.2,2,1,0,4.0,4.71,0,Fair,Condo,443400
2337,2,2.0,11041,1984,40,Premium,0.5,2,0,0,7.0,0.19,0,Fair,Single Family,513700
2157,6,3.5,3848,2023,1,Low,2.25,2,0,0,6.0,0.26,1,Excellent,Condo,311600
1447,4,4.0,10057,2020,4,Medium,9.76,2,1,1,6.0,1.06,0,Excellent,Single Family,343100
2330,3,2.5,10169,1995,29,Medium,0.84,1,1,1,3.0,2.17,1,Excellent,Townhouse,437200
3317,2,2.5,1310,1984,40,Medium,19.17,1,0,0,10.0,1.56,0,Good,Single Family,355500
2942,4,2.0,8325,1994,30,Premium,1.94,2,0,0,4.0,0.14,0,Good,Single Family,743000
3115,4,2.0,6360,1962,62,Low,1.83,0,0,1,5.0,9.47,1,Good,Multi-Family,321500
1642,4,3.0,5344,1959,65,Low,1.6,3,0,0,9.0,9.16,0,Fair,Single Family,170400
1307,2,2.0,12728,2015,9,Medium,0.5,2,1,1,8.0,0.98,1,Good,Townhouse,271100
1912,2,2.5,5712,2019,5,Low,11.82,2,0,1,3.0,3.94,1,Poor,Townhouse,135600
2039,3,2.5,5178,2021,3,Medium,16.64,0,0,0,6.0,2.59,0,Good,Townhouse,260100
2766,3,2.0,8265,1974,50,High,7.62,2,1,0,10.0,0.81,1,Excellent,Single Family,627800
815,3,1.5,10400,1993,31,High,1.67,1,0,1,1.0,0.91,0,Good,Single Family,183700
3071,3,3.0,7504,2009,15,Low,2.69,0,0,0,3.0,2.03,0,Excellent,Townhouse,372800
1889,5,3.0,12082,1996,28,Medium,5.17,1,1,0,10.0,1.63,1,Fair,Townhouse,293500
1701,5,4.5,9858,1989,35,Medium,24.69,2,0,0,7.0,1.03,0,Good,Single Family,253600
1292,3,2.0,1000,1956,68,Low,2.27,2,0,1,7.0,4.94,0,Good,Single Family,142300
842,5,4.5,6147,1995,29,High,10.52,1,0,1,2.0,1.97,1,Excellent,Single Family,261200
2576,3,2.5,6034,1972,52,High,4.63,0,0,0,3.0,3.19,0,Good,Multi-Family,426800
2051,3,2.0,9678,1995,29,High,2.83,2,0,1,7.0,0.63,1,Excellent,Single Family,527200
1097,3,2.0,1000,1962,62,High,4.87,2,0,1,6.0,2.29,1,Poor,Single Family,122100
1093,4,3.0,16922,1970,54,Low,0.59,2,1,1,7.0,1.15,0,Excellent,Condo,232300
1765,6,5.0,9859,1950,74,Premium,12.82,2,0,0,10.0,2.24,0,Fair,Single Family,405400
3168,4,3.0,8521,1968,56,High,2.23,1,0,1,9.0,4.55,0,Excellent,Multi-Family,690500
1818,3,2.0,12135,2009,15,Premium,10.34,2,0,1,8.0,4.39,0,Good,Single Family,423800
948,4,3.0,16203,1982,42,Low,0.57,1,0,0,,1.31,1,Excellent,Single Family,205200
1828,2,1.5,11048,1953,71,Premium,24.83,3,0,0,4.0,3.56,1,Good,Single Family,360000
1809,5,2.5,11321,1952,72,High,1.72,2,0,0,10.0,8.51,0,Fair,Single Family,324100
500,4,3.5,8457,2001,23,High,17.15,1,0,0,9.0,2.95,0,Excellent,Single Family,205400
1962,3,1.5,7505,1977,47,Low,13.26,1,0,0,7.0,0.48,1,Fair,Single Family,143200
1838,4,2.5,6335,2019,5,High,27.5,2,1,1,5.0,3.42,0,Fair,Single Family,287500
2487,4,2.0,5109,2019,5,Premium,5.2,1,0,1,2.0,0.33,1,Excellent,Townhouse,746700
3294,2,1.0,5595,2004,20,High,10.4,1,0,0,,6.17,1,Fair,Single Family,477500
2789,4,2.0,3273,2006,18,High,3.71,2,0,1,7.0,2.18,0,Fair,Multi-Family,448200
1812,3,2.0,7734,1965,59,Premium,1.63,1,1,1,9.0,1.46,0,Good,Condo,501600
1225,4,4.0,2104,1973,51,Medium,4.68,2,0,1,9.0,0.18,1,Excellent,Single Family,278800
3801,5,3.5,8668,2018,6,High,1.45,0,0,1,10.0,1.44,0,Fair,Single Family,656400
2041,5,4.0,7873,1990,34,Medium,32.16,2,0,0,5.0,7.01,0,Good,Single Family,269400
2010,4,3.0,8514,1996,28,Premium,0.81,0,0,1,7.0,0.06,1,Good,Single Family,564400
1983,4,3.0,6173,2018,6,Low,7.12,0,0,1,5.0,1.93,1,Excellent,Single Family,280400
2139,2,1.5,18769,1980,44,Medium,7.88,2,0,1,3.0,8.03,0,Excellent,Single Family,337000
1899,4,2.5,12760,1979,45,High,6.18,2,0,1,10.0,1.51,0,Excellent,Condo,493700
1598,3,3.0,3644,1967,57,High,8.68,1,1,0,8.0,1.68,0,Good,Condo,323700
1617,3,3.5,8815,1993,31,High,0.99,1,0,0,8.0,2.59,0,Good,Single Family,349500
1977,3,1.0,5872,1976,48,Premium,6.48,2,0,1,9.0,1.86,0,Fair,Single Family,434700
1620,2,1.0,4449,1975,49,Premium,2.71,2,0,1,6.0,0.55,0,Good,Townhouse,398000
1501,4,3.0,3310,2009,15,Low,22.53,3,0,1,2.0,0.06,0,Excellent,Single Family,188100
2075,2,1.0,9513,1967,57,Medium,11.49,3,0,0,3.0,2.82,0,Good,Townhouse,243300
1822,4,3.5,5615,2005,19,Low,28.75,2,0,1,10.0,7.61,0,Poor,Condo,129500
3053,3,2.0,11387,1980,44,Medium,0.5,1,0,1,6.0,0.34,0,Good,Multi-Family,426500
500,1,2.0,11478,2008,16,Medium,2.69,1,0,1,1.0,0.71,0,Good,Single Family,122700
2764,4,3.5,12809,1951,73,Premium,1.74,2,0,0,2.0,1.39,0,Good,Multi-Family,649700
2872,1,1.0,5017,1988,36,High,0.5,0,0,0,8.0,4.96,1,Good,Condo,503300
549,3,3.0,9664,2010,14,Low,2.22,1,0,1,8.0,0.94,0,Good,Condo,111700
1760,4,3.5,10214,2012,12,Low,9.08,0,0,1,6.0,6.41,0,Fair,Single Family,182700
1740,2,1.0,6340,1967,57,High,2.1,0,0,1,3.0,0.17,1,Excellent,Single Family,378000
1015,5,3.5,5299,1966,58,Medium,5.69,1,0,1,2.0,8.49,0,Good,Multi-Family,146400
1456,1,1.0,13633,1988,36,Medium,17.5,1,0,1,6.0,2.47,1,Fair,Condo,200400
1223,3,3.0,8796,2020,4,Premium,9.47,2,1,0,1.0,3.23,0,Good,Single Family,338900
3227,4,3.0,10226,2003,21,Premium,4.02,1,1,0,10.0,1.38,0,Excellent,Single Family,999100
2655,3,1.5,5123,1984,40,Medium,3.73,1,1,0,6.0,4.57,0,Excellent,Single Family,407600
2890,2,1.0,3733,1960,64,Premium,4.87,0,0,0,9.0,0.55,0,Good,Condo,613800
2505,3,2.0,6007,2010,14,Medium,1.56,2,0,1,7.0,0.15,0,Poor,Condo,291100
1210,3,2.0,7566,1993,31,High,8.04,1,0,1,9.0,1.51,0,Poor,Single Family,182800
1633,5,5.0,4275,2017,7,Medium,3.62,2,0,0,2.0,5.77,0,Fair,Single Family,237800
2343,3,1.5,7966,1974,50,Low,15.3,3,0,1,5.0,4.22,1,Good,Single Family,257600
1145,4,,2090,1997,27,Premium,11.3,0,1,1,9.0,2.18,0,Good,Single Family,349100
2499,5,4.5,4080,1981,43,Medium,7.54,1,0,1,7.0,2.55,0,Good,Single Family,364600
1832,3,3.5,10348,1953,71,High,3.62,1,0,0,9.0,0.42,0,Good,Single Family,380800
1738,5,3.5,10113,1987,37,Medium,1.89,3,0,1,6.0,5.51,0,Poor,Single Family,185400
2498,3,2.5,6628,2012,12,Low,11.97,2,1,0,7.0,4.64,1,Fair,Multi-Family,227500
2311,6,5.0,4438,1996,28,Low,5.33,2,0,1,10.0,3.21,0,Good,Condo,284600
1747,2,1.5,4404,1950,74,Medium,2.04,1,0,1,5.0,1.88,0,Fair,Multi-Family,176100
2812,4,3.0,6694,1952,72,High,1.74,3,1,0,6.0,10.01,1,Fair,Single Family,492800
1243,3,2.5,10256,2011,13,Medium,1.45,0,0,1,1.0,6.34,1,Good,Townhouse,223000
2431,3,1.0,11249,2013,11,High,12.01,0,0,1,1.0,3.1,0,Excellent,Condo,489200
2415,4,3.5,6262,1966,58,High,2.08,2,0,1,2.0,1.39,0,Excellent,Single Family,561100
1783,4,3.0,3963,2011,13,High,5.98,3,0,1,4.0,2.89,0,Excellent,Single Family,446900
2228,1,1.0,8937,1984,40,Medium,4.81,0,0,0,9.0,2.57,0,Good,Condo,293000
1124,2,2.5,5118,1962,62,Premium,6.93,0,0,0,7.0,1.5,0,Good,Multi-Family,247000
2647,4,2.5,6186,1984,40,Medium,16.77,0,1,1,6.0,1.1,0,Fair,Single Family,289200
1871,4,3.0,12638,1992,32,Medium,16.18,0,0,0,1.0,1.57,1,Excellent,Single Family,300000
1634,6,5.5,10895,1951,73,Low,4.8,1,0,1,5.0,2.56,0,Fair,Condo,195800
2734,4,2.5,8553,2005,19,Medium,0.5,3,0,0,4.0,1.68,0,Fair,Multi-Family,362200
1507,6,4.0,3548,2000,24,Low,4.45,2,0,0,5.0,0.92,0,Fair,Condo,146700
1014,4,3.0,8740,2003,21,High,7.46,2,0,1,9.0,4.29,0,Excellent,Single Family,334100
910,3,3.0,11719,1965,59,Medium,6.53,2,0,0,3.0,2.27,0,Excellent,Single Family,214700
2424,2,1.5,6685,1967,57,Medium,8.43,2,0,1,4.0,0.21,0,Excellent,Single Family,397700
1104,4,2.0,12729,1956,68,High,1.34,2,0,1,8.0,1.38,0,Good,Townhouse,257400
3228,4,2.5,12525,1994,30,Medium,8.32,2,0,1,3.0,6.49,0,Good,Townhouse,431800
543,1,1.0,13823,1985,39,Medium,1.61,1,0,1,3.0,4.22,0,Excellent,Condo,105900
3188,3,2.0,9068,1990,34,Low,11.11,2,0,0,9.0,1.17,0,Good,Single Family,348100
2148,6,5.0,10056,1991,33,High,3.31,2,0,1,5.0,8.35,0,Excellent,Multi-Family,543300
1932,4,3.5,12950,1956,68,Low,9.9,2,0,1,10.0,0.24,0,Good,Condo,221700
1619,3,1.0,9566,1964,60,Medium,0.5,3,0,1,1.0,9.75,0,Good,Multi-Family,213200
2279,3,3.0,6246,2009,15,Medium,4.19,1,0,1,7.0,0.85,0,Excellent,Condo,415000
1974,3,2.5,6430,1989,35,High,9.77,2,0,1,7.0,0.03,1,Fair,Townhouse,349500
2772,3,3.0,8835,1986,38,High,2.06,0,1,1,6.0,1.71,1,Excellent,Townhouse,623800
2080,3,2.5,3483,2015,9,High,12.69,2,0,1,6.0,1.33,0,Good,Single Family,400100
2105,2,2.0,7499,2004,20,Low,7.97,1,0,0,3.0,2.32,1,Excellent,Multi-Family,268500
1745,4,3.5,11838,2005,19,Medium,7.09,0,0,0,3.0,4.78,0,Good,Single Family,288200
1960,3,3.0,1000,1993,31,Medium,3.49,1,0,1,10.0,5.54,1,Good,Townhouse,332200
2215,5,4.0,13371,2006,18,Low,5.27,2,0,0,9.0,1.54,0,Good,Multi-Family,276400
803,5,3.5,11928,1955,69,Medium,7.28,0,0,0,1.0,1.69,0,Good,Single Family,161000
1056,3,3.5,6391,1981,43,Medium,5.12,3,0,0,7.0,0.48,0,Good,Condo,1120200
2520,4,3.5,9902,2023,1,Medium,9.59,0,0,1,10.0,0.15,0,Excellent,Condo,446600
2120,3,2.5,8011,1967,57,High,4.55,3,0,0,7.0,3.08,1,Good,Townhouse,443000
1871,5,3.0,12305,2017,7,Medium,1.81,2,0,1,8.0,0.2,0,Fair,Townhouse,287900
2013,3,1.5,11439,2022,2,High,1.93,1,1,0,6.0,3.97,0,Excellent,Condo,511600
2243,4,3.0,3100,1956,68,Medium,0.5,1,1,1,8.0,2.32,0,Fair,Townhouse,286800
1622,4,3.0,10055,1957,67,Medium,2.86,2,0,1,1.0,0.66,0,Good,Single Family,237200
1455,3,2.0,7280,2013,11,Medium,11.06,2,0,1,1.0,2.33,0,Fair,Single Family,177200
2137,2,1.5,8290,1956,68,Low,12.65,2,0,0,9.0,0.61,0,Excellent,Single Family,275900
1315,4,4.0,5451,1990,34,Low,1.81,1,0,1,4.0,1.73,0,Fair,Condo,159500
2286,4,3.5,14118,1989,35,Medium,25.56,1,1,1,3.0,4.82,1,Fair,Single Family,282300
808,3,1.5,11640,1952,72,Premium,5.58,3,0,1,6.0,1.86,0,Excellent,Condo,282600
2720,4,3.0,5411,1966,58,High,19.91,1,0,1,10.0,0.48,0,Excellent,Single Family,531700
2331,3,2.0,3329,2015,9,Low,9.81,1,0,1,9.0,3.86,0,Fair,Townhouse,204800
2179,4,3.0,6650,2001,23,High,10.25,1,0,1,10.0,0.62,1,Excellent,Single Family,534800
2688,2,1.5,9521,1971,53,High,0.71,2,0,1,4.0,4.02,0,Excellent,Condo,612200
3166,5,3.5,8841,1953,71,High,1.99,2,0,1,9.0,1.96,0,Fair,Condo,488100
2710,3,1.5,12386,1955,69,High,0.5,1,0,1,5.0,1.81,1,Excellent,Multi-Family,616800
711,3,2.0,10765,1987,37,Medium,10.07,0,0,1,7.0,5.72,0,Good,Condo,173500
1104,2,1.0,11393,1975,49,Medium,3.38,0,0,1,3.0,3.7,0,Good,Townhouse,152400
1563,2,1.0,9144,1960,64,Medium,12.36,1,0,0,3.0,0.1,0,Good,Multi-Family,197900
2018,4,4.0,3137,1966,58,Medium,3.31,1,0,1,3.0,1.05,1,Good,Condo,313500
2362,3,3.0,7315,1980,44,Medium,13.69,3,0,1,8.0,6.14,1,Poor,Single Family,189400
1492,5,3.5,11710,1984,40,High,1.12,1,0,1,6.0,0.06,1,Excellent,Townhouse,454800
2131,1,1.0,7820,1965,59,Premium,1.52,1,1,0,9.0,2.36,0,Poor,Condo,349100
1471,3,1.5,9761,1967,57,Premium,3.33,2,1,1,9.0,3.9,0,Good,Single Family,466100
1572,3,3.5,6884,2011,13,Premium,4.2,1,1,1,8.0,2.92,0,Fair,Condo,412200
1015,1,2.0,4396,1976,48,High,3.43,2,0,0,1.0,4.29,1,Excellent,Townhouse,212300
1354,2,1.5,7568,1984,40,Premium,11.54,0,1,1,6.0,3.88,1,Good,Multi-Family,369400
1054,3,3.0,9082,1994,30,Low,0.82,1,0,0,4.0,3.53,0,Good,Multi-Family,148900
1317,3,2.5,5705,1984,40,Medium,3.46,3,1,1,4.0,5.17,0,Good,Single Family,239600
2738,3,1.5,7175,1977,47,Medium,14.52,2,0,1,3.0,3.11,0,Excellent,Single Family,429200
1335,4,3.0,4712,1958,66,High,0.55,1,1,0,9.0,1.54,0,Good,Single Family,303100
3843,4,3.0,11917,1964,60,Medium,22.83,2,0,0,2.0,1.92,0,Excellent,Single Family,545300
2345,1,1.0,6969,1970,54,High,34.33,3,0,1,1.0,3.78,0,Fair,Townhouse,292800
2129,3,2.0,13085,2001,23,Low,0.74,1,0,0,10.0,6.27,0,Fair,Single Family,208000
1399,6,4.5,13351,1984,40,Medium,2.75,2,0,1,3.0,0.95,0,Good,Condo,259300
2490,4,3.0,7716,2000,24,High,3.73,3,0,1,4.0,1.26,1,Excellent,Condo,600500
1597,4,3.0,4470,2004,20,Low,11.98,1,0,1,4.0,8.01,1,Fair,Townhouse,151100
2085,3,1.5,1000,1993,31,Medium,7.25,2,0,0,6.0,2.59,1,Poor,Single Family,233700
3792,4,2.5,2848,2014,10,Medium,8.27,2,0,1,1.0,0.59,1,Fair,Single Family,417400
1933,4,2.0,3192,1974,50,Medium,11.33,2,0,1,1.0,3.27,0,Good,Single Family,250400
2804,4,3.5,12825,1996,28,High,1.0,1,0,0,2.0,14.05,0,Good,Single Family,488800
1508,6,3.0,8405,2005,19,Medium,14.33,1,0,0,4.0,5.2,1,Excellent,Multi-Family,294200
1976,2,2.0,9364,1987,37,High,9.78,2,0,0,7.0,4.11,0,Fair,Townhouse,348200
3240,1,1.5,1000,1960,64,Low,6.89,1,0,1,6.0,0.7,0,Fair,Single Family,286600
1561,4,3.0,3807,2016,8,High,17.64,1,0,0,9.0,6.27,0,Good,Townhouse,301300
3269,5,2.0,11105,1964,60,Medium,9.64,1,0,0,7.0,2.24,1,Good,Single Family,450700
2495,2,1.5,9004,1950,74,High,1.8,0,0,1,5.0,6.6,0,Good,Townhouse,420900
1606,3,2.0,7485,1956,68,High,4.49,3,0,1,6.0,1.2,0,Fair,Single Family,274400
2443,1,1.0,9977,1950,74,Medium,5.45,1,0,1,10.0,0.19,0,Excellent,Townhouse,424900
2681,3,2.0,13725,1998,26,Premium,0.5,3,0,1,9.0,1.94,1,Good,Single Family,761500
2435,4,4.0,7226,2022,2,High,24.74,0,1,0,1.0,0.94,0,Good,Single Family,400200
901,4,3.5,8243,1978,46,Medium,1.1,2,0,1,9.0,3.77,0,Good,Single Family,192700
1491,3,1.5,8674,1975,49,Low,9.56,1,0,0,6.0,9.45,0,Fair,Single Family,128900
1827,3,1.5,16372,1994,30,Premium,5.65,2,0,1,4.0,3.52,1,Excellent,Condo,603100
1948,1,1.0,1000,2020,4,High,0.5,2,0,1,5.0,6.54,1,Excellent,Single Family,432100
2434,3,2.0,10391,1961,63,Medium,20.7,0,0,0,1.0,1.81,0,Good,Condo,290300
2124,4,3.5,7598,1981,43,Medium,15.28,3,0,1,7.0,4.43,0,Good,Condo,305400
1065,6,4.0,9984,1969,55,High,5.94,1,0,1,8.0,5.56,1,Fair,Condo,239500
2266,5,4.0,5699,2000,24,High,2.08,2,0,0,5.0,3.72,0,Good,Townhouse,436500
2427,1,2.0,7829,1985,39,High,1.04,3,0,1,2.0,2.13,1,Good,Single Family,463900
2392,5,4.0,10490,2016,8,Medium,3.61,2,0,1,,2.95,0,Excellent,Condo,450600
2757,4,3.0,18895,1950,74,High,2.36,3,1,1,10.0,3.62,0,Fair,Multi-Family,501700
2584,4,3.0,10828,1976,48,Medium,5.65,1,0,1,7.0,0.88,1,Poor,Condo,262700
2321,3,2.0,5032,1989,35,Medium,27.15,0,0,1,10.0,4.98,0,Fair,Condo,213500
1951,3,3.0,6517,1963,61,High,6.84,1,1,0,9.0,9.01,0,Fair,Condo,326300
837,3,2.0,6413,2018,6,Premium,17.65,2,0,0,4.0,1.88,0,Good,Single Family,241100
2301,2,1.5,1715,1955,69,Medium,8.42,2,0,1,9.0,3.62,1,Fair,Condo,254400
2145,3,2.5,6845,1982,42,Medium,5.16,1,0,0,4.0,4.01,0,Excellent,Multi-Family,386400
2190,3,,10565,2004,20,High,15.43,2,0,1,3.0,3.26,0,Fair,Single Family,285300
1106,3,1.5,3540,1968,56,Medium,5.1,1,0,0,3.0,2.38,1,Good,Townhouse,149900
1243,4,3.0,11670,1978,46,High,16.24,1,0,0,10.0,6.4,0,Good,Single Family,1505400
2737,3,2.0,9707,2010,14,High,2.76,2,0,0,2.0,1.79,0,Excellent,Single Family,573200
1972,2,2.0,5430,2019,5,Low,1.1,1,0,1,10.0,0.19,0,Excellent,Townhouse,323900
2477,6,4.0,7505,1973,51,Premium,15.47,2,0,1,3.0,5.58,1,Excellent,Townhouse,730700
2020,5,4.5,13594,1972,52,High,7.08,1,0,0,8.0,3.36,0,Excellent,Townhouse,489900
2021,4,2.5,10567,1959,65,Premium,17.59,2,0,1,8.0,5.68,0,Good,Multi-Family,481700
2657,6,5.5,8031,2003,21,High,22.22,0,0,0,2.0,0.45,0,Excellent,Single Family,540700
1639,4,2.0,7168,1990,34,Premium,0.5,1,0,1,2.0,0.09,1,Excellent,Condo,579200
2067,6,5.0,8268,1998,26,Low,5.56,2,0,0,2.0,8.17,1,Poor,Single Family,170400
1676,2,2.0,6209,1966,58,Medium,3.76,2,0,1,10.0,0.48,0,Good,Single Family,265700
1696,3,2.0,1000,2005,19,Premium,7.86,1,1,1,7.0,4.98,0,Fair,Single Family,403400
1784,3,2.5,15148,1994,30,Medium,12.62,1,0,1,6.0,5.2,1,Good,Condo,294200
2155,2,2.5,8544,1979,45,Low,2.63,2,0,0,1.0,3.7,0,Good,Single Family,219400
1665,2,1.0,9394,1993,31,High,6.51,1,1,1,2.0,0.42,1,Good,Townhouse,315300
2879,4,3.5,7797,2023,1,High,9.87,2,0,1,1.0,3.3,0,Good,Condo,490500
1374,4,1.5,5427,2004,20,Low,1.15,2,1,1,7.0,6.6,0,Excellent,Single Family,189200
1869,4,2.5,7349,1968,56,Premium,13.46,0,0,0,6.0,1.66,0,Good,Condo,437800
1692,2,2.5,2402,1978,46,High,7.45,1,0,0,2.0,1.6,1,Excellent,Single Family,354800
3013,5,3.5,15970,1951,73,Medium,23.89,2,0,1,2.0,1.75,0,Good,Single Family,365200
2138,4,2.5,3679,1985,39,High,3.32,1,0,0,2.0,0.26,0,Good,Townhouse,386400
2722,3,2.0,4388,1968,56,Medium,0.92,2,0,0,8.0,6.68,0,Good,Single Family,350600
960,4,4.0,6459,1956,68,Low,5.65,0,1,0,7.0,6.1,0,Fair,Townhouse,121500
2187,3,1.0,12508,1975,49,Medium,0.72,2,0,1,1.0,18.51,0,Good,Condo,289700
2623,3,1.5,8051,1987,37,Medium,27.93,1,0,0,4.0,2.64,0,Good,Condo,269200
2058,5,4.5,3674,1952,72,Medium,0.5,2,0,1,4.0,4.17,1,Good,Townhouse,322700
2746,3,3.5,12390,2015,9,High,11.2,1,0,1,7.0,0.68,0,Good,Single Family,491400
1638,3,2.0,10559,2020,4,High,5.96,1,0,0,2.0,3.3,1,Good,Single Family,329300
2987,5,3.0,9885,1992,32,High,3.68,2,0,1,4.0,3.15,0,Good,Single Family,540100
3609,4,4.5,10505,2011,13,High,0.54,0,0,0,1.0,6.94,0,Good,Single Family,641200
1746,2,2.5,16380,2020,4,Low,7.79,1,0,1,4.0,5.33,0,Fair,Single Family,205200
1688,2,2.0,15648,1973,51,Low,7.04,1,0,1,1.0,8.36,1,Fair,Multi-Family,146600
3017,1,1.0,5596,1988,36,Premium,2.64,1,1,1,2.0,6.09,1,Poor,Single Family,457100
3106,4,3.0,13684,2017,7,Low,19.28,3,0,0,2.0,6.09,0,Fair,Condo,243300
1634,3,2.0,9341,1993,31,Medium,2.9,2,0,1,10.0,0.2,1,Fair,Single Family,253800
1706,2,1.5,9747,1954,70,High,4.78,0,0,1,3.0,5.61,0,Poor,Single Family,228900
1803,6,5.5,2077,2004,20,Medium,6.28,2,0,1,8.0,2.81,0,Fair,Single Family,298800
1059,4,3.5,7404,1979,45,Premium,0.84,2,0,1,6.0,1.44,0,Good,Condo,352200
1357,3,1.5,5155,1978,46,Medium,21.53,3,1,0,6.0,0.17,0,Fair,Single Family,161800
1297,4,4.0,10898,1975,49,Low,3.75,1,0,1,9.0,3.4,0,Good,Single Family,148800
1463,4,3.0,11749,1975,49,Medium,0.67,2,0,0,8.0,1.19,1,Excellent,Condo,316600
1976,2,2.0,1000,1986,38,High,3.92,2,0,0,2.0,1.89,0,Excellent,Townhouse,362700
2164,3,3.0,7923,2002,22,Medium,7.33,1,0,1,6.0,3.43,1,Good,Single Family,335200
3085,5,3.0,11927,1979,45,Medium,5.77,1,0,1,1.0,7.28,0,Excellent,Townhouse,516900
1301,3,2.0,7347,1952,72,Premium,9.49,1,1,1,9.0,5.24,0,Good,Condo,341900
2689,4,2.5,10552,1992,32,Premium,0.5,2,0,0,4.0,1.8,1,Fair,Condo,620900
1850,3,1.5,9229,1956,68,Medium,2.68,1,0,0,4.0,1.47,1,Excellent,Single Family,303200
1965,1,1.0,9196,1998,26,Medium,13.68,3,0,1,9.0,0.82,1,Excellent,Single Family,303400
2472,2,3.0,7050,2022,2,Medium,0.67,1,0,1,3.0,1.4,0,Good,Single Family,360700
1214,3,,3742,1990,34,Premium,15.48,2,0,0,5.0,0.35,1,Good,Multi-Family,314800
2268,3,2.0,4075,2003,21,Premium,0.77,3,0,1,1.0,10.63,1,Good,Single Family,573800
2117,1,1.0,10483,2018,6,Medium,14.39,2,0,0,6.0,2.56,0,Fair,Multi-Family,279100
2345,5,4.0,8068,1976,48,High,3.58,2,1,1,3.0,0.41,0,Fair,Single Family,417500
2202,6,4.5,7515,1957,67,Medium,7.58,2,0,1,1.0,1.31,0,Good,Single Family,336100
3719,4,2.0,6516,1981,43,Low,1.33,1,0,1,10.0,2.38,0,Excellent,Single Family,473400
1554,5,4.0,6932,2013,11,Low,0.55,2,0,0,6.0,2.28,0,Poor,Single Family,150300
1628,3,2.0,11664,1959,65,Medium,1.95,1,0,1,10.0,0.11,1,Excellent,Multi-Family,337000
1564,6,3.0,6827,1962,62,Medium,1.09,2,1,1,2.0,9.04,0,Fair,Townhouse,225300
1611,2,2.0,3306,2012,12,Low,3.0,1,0,1,8.0,0.97,1,Good,Condo,195400
1554,6,5.0,10603,1984,40,High,5.78,2,0,1,2.0,0.05,0,Good,Condo,389500
2832,6,4.5,7283,2010,14,Medium,7.11,2,0,0,4.0,0.24,0,Good,Condo,422900
2994,4,3.0,8110,2003,21,High,12.48,1,0,1,3.0,2.6,0,Fair,Multi-Family,471800
1600,6,5.0,13627,1957,67,Medium,8.54,1,0,0,9.0,0.44,0,Good,Single Family,268400
1417,4,3.0,7928,1978,46,Low,7.51,3,0,1,2.0,0.13,1,Good,Townhouse,128200
2330,3,3.0,9012,1990,34,Medium,4.25,0,0,0,3.0,1.43,1,Fair,Condo,285000
1613,3,2.0,3874,1979,45,Medium,5.14,0,1,1,7.0,2.92,0,Fair,Multi-Family,200700
2443,4,4.0,7231,1970,54,Medium,4.28,1,0,0,4.0,0.36,1,Good,Townhouse,331500
2142,2,1.5,10133,1960,64,Low,14.77,3,1,0,6.0,1.13,0,Good,Multi-Family,237400
939,4,,2556,1951,73,Medium,2.09,3,0,0,3.0,1.62,0,Fair,Condo,115000
3083,6,3.5,8703,1999,25,Low,0.5,2,0,1,1.0,0.52,0,Good,Single Family,357200
3257,2,1.5,8353,1990,34,High,8.43,2,0,1,6.0,2.12,0,Excellent,Single Family,685700
1571,4,2.5,8145,2015,9,High,1.81,1,0,1,4.0,0.27,0,Poor,Condo,222700
1729,5,3.5,11630,1952,72,Low,17.67,3,1,0,2.0,0.14,0,Good,Townhouse,188300
2200,5,3.5,9171,2000,24,Medium,15.67,0,0,1,7.0,2.2,0,Fair,Single Family,298000
2234,6,4.0,13173,2017,7,Low,0.64,0,0,1,10.0,0.85,1,Poor,Single Family,209300
2461,4,4.5,4522,1974,50,High,0.9,0,0,0,5.0,0.3,0,Fair,Single Family,415500
3407,6,5.5,8476,1979,45,Medium,5.47,2,0,1,6.0,1.65,0,Good,Townhouse,506600
1876,4,4.0,8296,1960,64,Medium,7.52,2,1,1,6.0,7.4,0,Excellent,Single Family,348000
1441,2,1.0,4258,1966,58,Medium,2.57,1,0,0,9.0,3.86,1,Fair,Condo,182300
1034,3,2.5,11347,1975,49,Premium,10.09,3,0,0,2.0,5.07,1,Good,Single Family,283000
1488,4,2.0,16136,1972,52,Medium,7.23,1,0,1,6.0,6.17,1,Good,Single Family,229300
1977,3,2.0,7940,2005,19,High,3.14,1,0,0,9.0,10.79,0,Fair,Multi-Family,341300
3256,4,2.5,9768,2001,23,Medium,0.5,1,0,1,4.0,4.32,0,Good,Single Family,450200
1638,4,3.5,8296,1997,27,Premium,11.1,2,0,1,6.0,2.81,1,Excellent,Single Family,569400
2157,2,1.5,5502,1969,55,High,1.93,2,0,1,7.0,1.36,0,Excellent,Single Family,502500
1989,4,3.5,1627,1951,73,Medium,14.39,1,0,1,1.0,0.6,0,Excellent,Single Family,270100
2832,4,3.5,5530,1980,44,High,4.36,2,0,0,5.0,3.48,0,Good,Condo,521400
3769,3,3.5,3128,1976,48,Medium,6.88,1,0,1,4.0,15.87,0,Excellent,Single Family,571700
1628,1,1.0,13964,1951,73,High,16.51,2,0,0,10.0,1.89,0,Fair,Condo,232200
1657,1,1.5,7597,1953,71,High,15.94,3,0,1,2.0,3.86,0,Good,Single Family,271100
2731,3,3.0,6789,1962,62,Low,3.72,0,1,1,2.0,2.05,0,Excellent,Townhouse,341400
2477,5,3.0,11112,1984,40,High,1.87,2,0,1,2.0,1.7,0,Poor,Townhouse,357900
3293,3,3.0,4074,2021,3,Medium,11.94,2,1,1,7.0,1.58,1,Good,Multi-Family,439500
2409,4,3.0,5316,2015,9,Medium,4.54,1,0,1,4.0,2.11,0,Good,Multi-Family,384300
1748,3,2.0,8238,1955,69,Medium,1.71,3,0,0,6.0,1.37,0,Good,Single Family,253000
2413,3,2.0,11601,1980,44,High,18.78,1,0,1,7.0,4.14,0,Fair,Single Family,357000
2776,5,3.5,9756,1959,65,Medium,1.77,1,0,0,9.0,6.22,0,Excellent,Condo,486600
2574,4,4.0,8869,1970,54,Low,0.5,1,0,1,2.0,6.43,0,Good,Single Family,282800
2355,2,1.5,8273,2023,1,High,0.5,1,1,0,10.0,0.78,0,Fair,Single Family,413600
2747,3,2.5,9401,1972,52,Low,7.79,2,0,1,9.0,6.79,0,Poor,Single Family,172900
2819,1,1.0,8706,1952,72,Low,8.67,2,0,0,5.0,1.25,0,Excellent,Single Family,309600
2968,3,2.0,4395,1981,43,Medium,2.98,3,0,1,,1.11,1,Fair,Condo,364600
2454,4,3.5,8161,1969,55,Medium,3.09,1,0,1,6.0,3.89,0,Fair,Single Family,304900
1883,2,1.0,4242,2023,1,Medium,3.32,0,0,1,3.0,1.09,0,Good,Single Family,270400
2103,3,2.0,8284,1978,46,Low,9.12,0,1,0,10.0,0.16,0,Good,Condo,205300
2845,3,2.5,6318,2001,23,Premium,0.5,2,0,1,7.0,1.4,1,Good,Single Family,753700
1428,5,4.0,16888,1995,29,High,21.17,3,0,0,7.0,3.83,0,Good,Multi-Family,316200
2258,6,4.5,7860,1983,41,Medium,2.01,2,0,1,8.0,1.19,1,Excellent,Single Family,482500
1725,1,1.0,3085,2010,14,Medium,50.0,1,1,0,5.0,2.98,0,Excellent,Condo,212400
2020,4,3.5,7530,2021,3,Medium,1.51,2,1,1,2.0,3.24,0,Fair,Single Family,305500
2895,3,2.5,9818,2020,4,High,11.81,2,0,0,3.0,3.97,0,Good,Single Family,465500
2134,3,1.5,13857,2019,5,Low,2.02,0,1,1,9.0,6.82,0,Excellent,Single Family,333600
2033,4,3.0,5937,1960,64,Low,0.67,2,0,1,6.0,1.7,0,Good,Single Family,238100
1048,5,4.5,2462,2012,12,Premium,16.63,1,1,0,8.0,0.55,0,Good,Townhouse,341700
2522,6,5.0,10859,1970,54,Medium,15.66,0,0,1,8.0,1.15,0,Fair,Condo,311700
2452,4,2.0,3168,1952,72,Medium,4.13,1,0,1,5.0,1.7,0,Good,Single Family,332500
3514,3,2.5,6473,1959,65,Premium,9.7,1,0,0,1.0,3.75,0,Good,Single Family,700500
1785,4,2.0,7098,1976,48,High,6.51,1,0,1,6.0,0.04,1,Good,Single Family,372600
2153,3,2.5,7756,1961,63,Medium,15.34,1,0,1,7.0,1.14,1,Excellent,Single Family,375700
2175,4,4.0,10412,1956,68,High,3.03,1,0,0,9.0,4.54,0,Poor,Single Family,281700
3104,3,1.5,5607,1966,58,Low,5.93,2,0,1,2.0,3.33,1,Fair,Multi-Family,275800
1933,4,2.5,7042,2014,10,High,5.31,3,1,0,2.0,3.95,0,Fair,Single Family,345200
2195,3,2.5,7950,2013,11,Medium,3.49,2,0,0,10.0,5.01,0,Good,Condo,359200
2426,2,1.0,8524,1975,49,High,17.76,1,0,1,1.0,4.59,0,Fair,Condo,335800
2131,5,3.5,8342,1964,60,Premium,1.45,1,0,1,5.0,3.44,0,Good,Townhouse,557600
1687,2,2.0,9526,1982,42,Premium,1.3,1,1,1,2.0,1.74,0,Good,Single Family,451200
2136,4,2.5,10953,2011,13,Premium,6.88,0,1,1,3.0,12.33,0,Good,Townhouse,542100
2752,3,2.0,9374,1996,28,Medium,8.57,2,0,1,2.0,2.53,0,Fair,Townhouse,335300
1281,1,1.0,9588,1984,40,Medium,1.73,2,0,1,4.0,0.68,0,Excellent,Single Family,258000
2093,1,1.0,2462,2014,10,Medium,3.96,2,0,0,3.0,1.04,1,Good,Single Family,280300
1510,2,1.5,8176,2021,3,High,23.43,2,0,1,9.0,3.55,1,Excellent,Multi-Family,336200
2837,5,3.5,9678,1974,50,Premium,2.27,1,0,1,10.0,7.76,0,Good,Townhouse,696300
934,3,2.5,10551,2006,18,Medium,8.83,1,1,0,2.0,0.59,0,Fair,Single Family,152500
1609,6,4.5,5577,1981,43,Premium,10.78,2,0,1,7.0,0.26,0,Fair,Condo,405100
2264,4,3.5,5693,2012,12,High,4.76,1,0,0,3.0,6.4,0,Excellent,Single Family,496500
3096,3,2.0,5991,1961,63,Premium,22.18,1,0,1,10.0,7.41,0,Good,Single Family,599700
1954,4,3.0,9877,2012,12,Premium,10.67,1,0,1,8.0,0.97,0,Poor,Single Family,371100
1611,4,2.5,11619,1950,74,Medium,4.9,1,0,1,4.0,1.42,0,Good,Single Family,243300
3317,4,3.0,6574,2000,24,Low,6.74,0,0,0,4.0,3.24,0,Good,Condo,329700
986,3,2.0,11178,2019,5,Low,9.44,2,0,1,9.0,1.2,1,Good,Townhouse,173900
500,3,1.5,8432,1957,67,Medium,7.18,2,0,0,3.0,6.29,1,Fair,Townhouse,71600
2308,5,4.0,7565,2017,7,High,16.88,1,0,1,7.0,0.34,0,Excellent,Single Family,534200
1649,5,4.0,7260,1954,70,High,3.53,0,0,1,1.0,0.12,0,Fair,Townhouse,273000
1285,5,4.0,10613,1988,36,Premium,2.85,2,1,1,7.0,0.7,1,Fair,Single Family,2697000
2496,3,2.0,9140,1972,52,High,1.92,1,0,1,10.0,1.01,0,Good,Single Family,483600
2171,4,3.0,15965,2017,7,Low,0.5,1,0,1,2.0,0.36,0,Fair,Multi-Family,236300
1605,3,2.5,5017,2001,23,Low,0.5,0,0,0,6.0,0.2,0,Good,Single Family,157400
1104,3,2.5,9813,1953,71,Low,16.33,1,0,0,9.0,4.23,0,Poor,Single Family,98800
2611,3,2.0,6148,1996,28,Medium,9.08,2,0,1,6.0,0.54,1,Good,Single Family,366200
2455,4,3.0,4957,1970,54,Medium,8.64,2,0,1,3.0,7.36,0,Excellent,Single Family,382800
1931,2,1.5,7962,2005,19,Low,7.63,1,0,0,1.0,1.38,0,Good,Townhouse,188100
3293,3,2.5,8481,2015,9,Medium,15.14,1,0,1,4.0,3.33,0,Good,Multi-Family,415600
1251,5,2.5,18214,2008,16,Low,5.24,0,0,1,4.0,0.77,0,Good,Townhouse,196800
932,3,2.5,7355,1956,68,High,16.35,0,1,0,8.0,0.82,0,Good,Townhouse,211200
1516,2,3.0,4044,1998,26,Medium,3.56,3,0,1,10.0,2.56,1,Excellent,Condo,342600
1968,2,1.5,8956,1965,59,Medium,20.91,2,1,1,10.0,2.47,0,Fair,Townhouse,217300
2170,5,3.5,1000,1966,58,Medium,9.6,2,0,0,7.0,4.39,0,Excellent,Single Family,346400
1831,4,3.0,7678,1983,41,Premium,2.38,2,0,0,10.0,4.25,0,Excellent,Multi-Family,618500
2246,3,2.5,8056,1982,42,Medium,6.64,2,0,1,7.0,3.33,0,Good,Single Family,332000
1124,5,4.5,10781,1975,49,Medium,6.09,2,0,1,7.0,1.79,0,Fair,Multi-Family,209100
3011,5,3.0,11408,2015,9,High,1.19,0,0,1,2.0,6.64,0,Poor,Single Family,371200
1942,3,2.5,6238,2012,12,High,7.16,1,0,0,9.0,2.92,0,Good,Condo,356500
2782,4,3.5,7473,1990,34,Premium,3.02,2,0,1,6.0,13.88,0,Excellent,Condo,782700
2240,4,3.0,5319,2007,17,Medium,0.5,1,0,1,2.0,5.13,0,Good,Multi-Family,295600
2320,4,3.0,4052,1959,65,Medium,23.75,3,1,1,1.0,0.14,1,Fair,Townhouse,261100
2399,2,2.0,9085,1964,60,Low,8.21,2,0,1,1.0,1.16,0,Fair,Single Family,198100
2313,5,4.5,3542,1991,33,High,16.76,3,0,0,1.0,2.55,0,Good,Condo,376100
2450,4,2.5,6549,2006,18,Medium,9.02,1,0,1,4.0,3.83,0,Good,Single Family,323500
2930,3,2.5,4517,1966,58,Low,3.53,2,1,0,4.0,2.4,0,Fair,Single Family,264400
2138,3,2.0,9924,2009,15,Medium,5.75,1,0,0,9.0,4.63,0,Poor,Single Family,195300
2496,1,1.0,14305,1958,66,Medium,9.01,3,1,1,1.0,1.0,0,Good,Single Family,314000
1937,2,1.5,3444,1985,39,Low,25.8,1,0,1,3.0,0.61,0,Good,Single Family,154900
3008,4,3.0,1514,2022,2,High,2.34,2,0,1,3.0,0.17,0,Good,Multi-Family,550600
1527,1,1.5,7563,1985,39,High,16.63,2,0,1,8.0,2.56,0,Excellent,Multi-Family,313600
3261,3,2.0,8055,1997,27,Low,20.62,1,0,0,2.0,3.5,0,Good,Single Family,297500
1972,4,2.5,8765,2000,24,Medium,8.88,1,1,0,6.0,1.18,0,Fair,Single Family,285400
998,2,1.5,6438,2019,5,High,21.42,3,0,0,4.0,2.85,0,Good,Single Family,181400
2090,6,4.5,7298,2023,1,Medium,4.06,1,1,1,10.0,0.16,1,Excellent,Single Family,456600
1523,3,3.0,9286,2017,7,Medium,24.46,2,0,1,6.0,0.31,1,Excellent,Single Family,271000
2588,3,2.5,11642,1971,53,Medium,9.71,0,0,0,5.0,3.63,0,Excellent,Single Family,420500
1543,3,1.5,1157,1955,69,High,0.5,2,0,1,9.0,1.38,0,Good,Condo,266800
1688,3,3.5,6709,1975,49,Premium,18.99,2,0,0,9.0,3.34,0,Excellent,Condo,477300
677,1,1.0,8748,1952,72,High,5.3,1,0,1,1.0,5.35,0,Excellent,Single Family,124100
1683,4,4.0,4787,2001,23,Low,4.93,0,0,1,3.0,5.74,0,Good,Single Family,209100
500,6,4.5,14059,2023,1,Medium,6.69,2,0,0,1.0,0.57,0,Fair,Condo,164400
891,3,2.5,5776,2009,15,Premium,1.29,0,0,1,6.0,2.0,1,Excellent,Townhouse,347500
2532,4,3.5,7855,2012,12,Low,5.07,0,0,1,3.0,3.97,0,Good,Single Family,289900
2550,4,3.5,9946,2014,10,Premium,14.23,2,0,1,1.0,4.46,0,Fair,Single Family,462800
2298,5,4.5,5931,2001,23,Premium,0.5,1,0,1,6.0,4.61,1,Fair,Single Family,575700
1323,3,3.0,1537,1963,61,Low,2.55,1,0,0,5.0,0.78,0,Good,Single Family,159400
1967,3,2.0,6500,2021,3,Premium,0.5,2,0,1,8.0,0.64,0,Good,Single Family,581500
1997,3,2.0,11603,2017,7,Medium,4.3,0,1,1,2.0,2.67,0,Fair,Single Family,273300
1189,4,3.0,6821,1977,47,High,10.42,1,0,0,8.0,4.05,0,Good,Single Family,239700
3052,5,4.5,5037,2020,4,Medium,12.83,0,0,0,5.0,1.15,0,Excellent,Single Family,468900
2614,2,1.5,11240,1959,65,Medium,23.23,2,0,1,,0.33,0,Good,Condo,333600
1845,3,3.0,6842,2006,18,High,7.5,2,0,0,,3.78,0,Fair,Single Family,359100
2019,5,4.5,6214,2015,9,High,2.35,2,0,1,4.0,1.07,0,Good,Condo,430400
2146,5,3.0,8523,1999,25,Low,20.63,1,0,1,4.0,0.55,0,Poor,Single Family,151100
571,6,4.0,10698,1963,61,High,11.94,0,0,1,10.0,0.48,1,Good,Single Family,244800
1827,4,3.0,16336,1965,59,Low,6.83,0,0,1,4.0,1.13,0,Good,Townhouse,222600
1523,3,2.5,10895,2003,21,Medium,9.52,1,0,0,6.0,2.69,0,Excellent,Condo,279200
1299,4,2.5,12059,1992,32,Medium,20.65,3,0,0,4.0,1.33,0,Good,Single Family,187700
1803,4,4.0,6229,1991,33,Medium,9.97,1,0,1,9.0,0.06,0,Poor,Condo,184300
3258,2,2.0,4409,1971,53,Medium,3.68,1,0,1,9.0,0.31,0,Good,Condo,448700
2449,4,3.0,8218,2017,7,Low,9.99,0,0,1,3.0,1.03,1,Good,Single Family,254900
1600,4,2.0,8375,1968,56,Low,0.5,2,0,1,7.0,3.23,0,Excellent,Single Family,229200
2401,2,1.0,4225,2015,9,Low,3.91,2,0,0,5.0,0.31,1,Excellent,Townhouse,318200
2980,4,3.0,7386,1988,36,Medium,4.17,2,1,0,9.0,2.47,1,Fair,Single Family,401000
2647,4,,9398,2022,2,Premium,1.46,2,0,1,2.0,0.38,1,Fair,Single Family,612700
2042,6,5.0,9261,1968,56,Low,0.5,1,0,1,3.0,0.71,0,Fair,Single Family,216800
1547,1,1.0,9765,1965,59,Premium,1.15,0,0,0,10.0,0.57,1,Excellent,Townhouse,484300
2489,3,4.0,9018,2003,21,High,8.5,1,0,0,5.0,0.21,0,Poor,Multi-Family,305600
2275,4,4.5,6225,1974,50,High,12.97,2,0,0,5.0,3.34,0,Fair,Townhouse,363700
2627,3,2.0,6201,1967,57,High,35.52,2,0,0,10.0,1.87,0,Good,Townhouse,369200
2445,4,3.0,3804,1972,52,High,3.4,2,0,1,7.0,5.33,1,Fair,Multi-Family,415500
2735,4,3.5,14247,1960,64,Low,7.32,2,0,1,8.0,0.31,0,Fair,Condo,245000
1625,2,2.5,8047,1988,36,Medium,22.14,2,0,1,8.0,0.47,0,Good,Townhouse,233900
2922,4,2.0,7213,2017,7,High,1.46,2,0,1,1.0,1.1,0,Fair,Multi-Family,482600
2138,4,2.0,4749,1974,50,High,10.12,2,1,1,1.0,4.36,0,Good,Single Family,384800
3453,3,2.0,18275,2012,12,High,11.25,2,0,1,3.0,1.09,0,Excellent,Condo,718600
1518,5,4.0,4243,1979,45,Low,0.75,1,1,0,1.0,1.57,1,Fair,Condo,181900
3215,5,4.0,6499,1994,30,High,15.8,2,0,1,1.0,1.08,1,Good,Multi-Family,505500
2139,4,3.5,9455,2010,14,Medium,13.42,3,0,0,10.0,0.25,1,Excellent,Townhouse,429200
1544,4,2.5,10101,2000,24,Medium,0.5,1,0,0,8.0,8.41,0,Excellent,Townhouse,288000
1661,3,1.0,11353,1958,66,Medium,0.76,2,1,0,1.0,2.39,0,Good,Multi-Family,268400
1776,5,4.5,14327,1951,73,High,0.5,2,1,1,9.0,4.65,0,Good,Single Family,430200
2297,4,2.5,9772,1954,70,Premium,3.26,0,0,0,2.0,3.22,0,Fair,Single Family,429900
2366,4,2.0,4304,2011,13,Medium,5.7,2,0,0,9.0,2.17,0,Good,Single Family,347900
1598,5,4.0,7101,2018,6,High,6.08,0,0,1,7.0,0.28,1,Excellent,Single Family,427400
1983,3,2.5,9077,2001,23,Medium,2.49,3,0,1,9.0,3.09,0,Good,Single Family,343900
3500,5,3.5,15239,1954,70,Low,19.41,2,0,1,3.0,0.51,1,Good,Single Family,318600
3209,2,1.0,3108,2008,16,Low,3.67,0,0,1,1.0,1.61,1,Fair,Single Family,251100
2305,3,2.0,12209,2017,7,Low,0.5,0,1,0,1.0,2.98,0,Good,Multi-Family,272500
2027,3,2.0,8630,1958,66,Medium,2.86,2,0,0,10.0,4.57,1,Good,Single Family,310000
2084,6,3.5,10932,1971,53,Medium,6.06,1,0,1,6.0,3.47,1,Good,Townhouse,346000
2429,5,3.5,7643,1976,48,High,4.2,0,0,1,7.0,3.34,0,Poor,Multi-Family,322800
1284,4,3.5,5051,1959,65,High,2.56,2,0,1,9.0,0.48,0,Good,Single Family,320900
1820,4,3.0,10628,2010,14,Low,1.13,1,0,1,6.0,1.27,0,Good,Single Family,225400
832,4,3.0,10291,2000,24,Medium,13.68,0,0,1,5.0,0.13,0,Fair,Townhouse,114200
2279,5,3.0,11402,1959,65,Medium,44.47,2,0,1,2.0,3.81,0,Fair,Condo,189800
2453,3,2.0,7953,1955,69,Medium,3.2,3,0,0,2.0,9.15,0,Fair,Single Family,284100
1662,3,,5901,2011,13,Low,3.85,2,1,0,8.0,0.92,0,Good,Single Family,196400
3102,2,1.5,2544,1954,70,Low,7.7,2,0,1,1.0,0.28,0,Good,Single Family,295900
1142,4,4.0,10868,2019,5,Premium,10.14,1,0,0,8.0,1.94,0,Excellent,Single Family,431000
975,4,2.0,9484,2012,12,High,3.98,1,0,0,10.0,5.83,0,Fair,Single Family,244300
2157,3,2.0,4620,2005,19,Low,18.83,1,0,0,7.0,2.41,0,Excellent,Single Family,236200
2733,1,1.0,6115,2008,16,Medium,6.57,2,0,0,7.0,0.14,0,Good,Condo,383100
3179,5,4.5,6366,2012,12,Medium,4.79,3,0,0,5.0,10.98,0,Good,Multi-Family,455900
1679,1,1.0,2810,2008,16,High,8.32,2,0,0,3.0,5.29,1,Fair,Condo,253900
2755,4,2.5,5138,2000,24,Medium,24.43,2,1,1,7.0,0.42,0,Fair,Multi-Family,317500
1973,6,3.5,4032,1999,25,Low,12.66,2,0,1,7.0,7.65,0,Excellent,Townhouse,284000
1879,3,2.5,6556,1953,71,High,0.5,1,0,1,7.0,1.8,0,Good,Condo,361800
2619,3,3.5,5415,1997,27,Medium,3.23,1,1,1,2.0,1.4,0,Good,Single Family,342600
2457,4,3.0,2305,1981,43,Medium,5.09,0,0,0,3.0,1.85,0,Fair,Single Family,305900
897,5,3.5,15079,2000,24,Medium,3.02,0,0,0,3.0,5.4,0,Excellent,Townhouse,218600
3034,4,3.0,12384,2001,23,Medium,9.64,2,0,0,4.0,3.23,1,Fair,Multi-Family,416600
2966,6,4.5,5273,2023,1,Medium,14.0,1,1,1,9.0,0.18,1,Good,Single Family,435900
1562,2,1.0,8953,1983,41,Medium,10.51,2,0,1,10.0,9.48,0,Good,Single Family,212800
2277,4,3.5,9461,1985,39,Medium,36.33,2,1,0,1.0,0.48,1,Good,Townhouse,285500
2346,4,3.0,12169,2019,5,Low,2.55,1,0,0,7.0,4.11,0,Good,Single Family,289800
2182,5,4.0,5135,1992,32,High,16.63,1,0,1,7.0,3.03,1,Good,Single Family,413100
1615,2,1.0,11822,1965,59,Low,11.64,1,0,1,4.0,0.62,0,Excellent,Townhouse,183300
1530,5,4.5,6082,2008,16,Low,3.6,1,0,1,1.0,0.56,0,Excellent,Single Family,212800
1982,4,3.5,3324,2002,22,High,10.6,2,0,0,3.0,6.13,0,Excellent,Condo,407600
2821,3,2.0,10534,1968,56,High,0.88,1,0,0,5.0,1.63,0,Fair,Multi-Family,420100
2381,2,,12518,1990,34,High,12.46,2,0,1,2.0,3.19,1,Excellent,Single Family,528500
1741,5,3.5,17058,1996,28,Medium,6.08,2,0,1,7.0,2.1,0,Fair,Single Family,255700
2540,2,1.0,3801,2003,21,Medium,2.77,2,0,1,10.0,3.9,0,Fair,Single Family,309800
500,3,2.0,10446,2004,20,High,8.53,2,0,1,10.0,1.96,0,Excellent,Single Family,236800
2804,3,1.0,6566,1968,56,High,8.21,1,0,1,7.0,1.02,0,Excellent,Townhouse,562300
782,5,4.0,10742,2011,13,Medium,1.88,0,0,1,10.0,1.35,0,Good,Single Family,198000
1746,4,2.0,2853,2008,16,Premium,0.5,1,0,0,5.0,5.88,1,Excellent,Single Family,557900
1216,4,2.5,3580,2014,10,Low,4.55,1,0,0,10.0,1.89,1,Excellent,Single Family,200000
1094,3,1.0,5284,2017,7,Premium,6.74,3,0,1,6.0,0.72,0,Good,Single Family,327700
2813,4,3.0,8276,1977,47,Premium,16.74,2,0,0,1.0,8.18,0,Good,Single Family,566300
1673,4,3.0,5756,1967,57,High,21.07,0,0,1,4.0,4.78,0,Excellent,Condo,302200
2243,5,3.5,10307,1975,49,Premium,6.02,0,0,1,4.0,0.17,1,Fair,Single Family,531400
1967,5,3.0,11594,1968,56,High,11.21,1,1,1,8.0,20.0,1,Fair,Single Family,331700
2334,1,1.0,10099,2004,20,Low,4.63,2,0,1,2.0,3.56,0,Excellent,Single Family,266600
2054,4,3.5,13666,2006,18,Medium,10.97,2,0,1,1.0,0.52,1,Good,Multi-Family,310400
1102,2,1.0,9455,1955,69,Low,1.83,2,0,1,7.0,0.81,0,Fair,Single Family,140500
2697,4,3.0,3741,1950,74,Medium,3.71,3,0,1,6.0,3.54,0,Good,Condo,386200
1654,3,1.5,12772,1957,67,High,8.05,1,0,1,5.0,4.54,1,Good,Condo,319800
910,3,2.5,5882,2000,24,Medium,0.5,1,0,1,8.0,0.82,0,Excellent,Condo,212400
1700,3,3.0,11186,1974,50,Medium,10.25,1,0,0,2.0,0.89,0,Good,Single Family,246800
3051,4,3.5,13508,1996,28,High,14.44,1,0,1,2.0,1.1,0,Good,Multi-Family,513000
2595,3,2.0,9598,2004,20,Premium,4.08,3,0,1,9.0,2.73,0,Excellent,Condo,826400
1756,4,3.0,2763,2013,11,Low,4.75,2,0,1,1.0,0.57,0,Excellent,Townhouse,238800
1756,3,2.0,4786,1959,65,Medium,15.25,2,0,0,6.0,0.33,1,Good,Single Family,267700
1775,2,1.5,12630,2005,19,Low,11.96,1,0,1,3.0,3.41,0,Excellent,Condo,221200
3454,4,3.0,7408,1961,63,High,2.72,0,0,1,5.0,4.53,1,Good,Townhouse,588800
2267,3,2.0,8279,1982,42,Low,3.13,0,0,1,8.0,2.09,0,Fair,Single Family,275200
2301,3,2.5,10656,2020,4,High,9.09,2,0,1,7.0,1.36,0,Fair,Single Family,364900
2721,4,2.5,10437,1966,58,Medium,6.63,2,0,1,4.0,1.7,1,Good,Condo,348900
2167,3,1.5,8976,2010,14,Low,1.42,1,0,0,8.0,1.48,0,Good,Single Family,212100
1819,2,1.0,7270,1959,65,Premium,2.97,2,0,1,10.0,9.66,0,Good,Condo,478400
1863,3,1.5,6906,1980,44,Low,18.42,2,0,0,2.0,4.38,0,Good,Single Family,204400
1950,5,3.0,11003,2009,15,Medium,9.32,1,0,1,7.0,0.7,0,Poor,Single Family,221800
1974,4,3.0,9937,2019,5,Low,34.13,2,0,1,5.0,1.45,0,Fair,Condo,172800
2509,4,2.5,7099,1966,58,Medium,11.65,1,0,1,6.0,2.36,1,Good,Single Family,342900
2036,4,3.5,11787,1999,25,Medium,22.77,2,0,1,3.0,2.85,1,Fair,Multi-Family,214800
2513,2,1.5,7548,1986,38,Medium,1.95,2,0,1,10.0,1.89,0,Good,Townhouse,392300
1943,3,1.0,5019,2011,13,Low,11.81,3,0,0,7.0,4.98,1,Good,Condo,232200
2055,4,3.5,5344,2021,3,Medium,0.5,1,0,0,7.0,4.38,1,Good,Townhouse,319000
601,2,2.0,4574,1978,46,High,8.89,1,0,1,2.0,2.11,1,Good,Townhouse,143900
2641,3,1.5,7047,1981,43,High,5.07,1,0,1,1.0,5.78,0,Good,Single Family,430800
2243,3,2.5,12318,1960,64,Medium,3.41,1,0,1,10.0,4.17,0,Excellent,Townhouse,396900
2699,3,1.5,5182,1955,69,High,15.87,2,0,0,2.0,4.52,0,Excellent,Single Family,457100
500,6,4.5,8660,1984,40,Medium,15.41,3,0,0,8.0,9.4,0,Excellent,Single Family,166700
3462,2,1.0,5702,1982,42,Medium,0.5,1,0,0,10.0,0.93,0,Good,Condo,459500
1902,4,2.0,7089,1967,57,Low,7.52,1,1,0,3.0,0.93,0,Fair,Condo,199400
2776,2,1.5,2715,1986,38,Medium,3.67,1,0,1,4.0,6.59,0,Good,Single Family,345500
1272,6,4.5,7228,1962,62,Medium,4.3,1,0,0,8.0,4.44,0,Excellent,Single Family,267000
2429,2,1.5,7322,2023,1,Medium,14.27,1,0,1,3.0,7.83,0,Fair,Condo,258300
1263,3,1.5,9891,2013,11,High,2.97,1,0,0,6.0,0.2,0,Fair,Single Family,250200
1563,4,3.0,8781,1950,74,Premium,22.92,2,1,0,2.0,2.96,1,Fair,Townhouse,319700
3340,4,3.0,3806,2012,12,Low,1.58,0,0,1,3.0,0.47,0,Good,Condo,357700
1867,3,2.0,11795,1983,41,High,8.69,2,1,0,1.0,2.1,1,Good,Single Family,360800
2152,3,2.5,8736,1959,65,High,8.92,2,0,0,9.0,0.51,1,Fair,Single Family,349900
2609,3,2.0,8694,1956,68,High,2.32,1,0,0,4.0,0.41,1,Excellent,Condo,541400
2347,3,3.0,7968,2005,19,Medium,3.14,2,0,0,6.0,0.04,1,Good,Single Family,364900
2105,3,1.5,6188,1986,38,Medium,14.4,2,0,1,7.0,2.98,1,Good,Single Family,309600
2255,3,2.5,8762,1978,46,Low,11.48,2,0,0,2.0,1.33,0,Good,Single Family,216300
3682,3,3.0,9665,1961,63,Medium,3.19,1,0,1,8.0,0.33,1,Fair,Single Family,441500
1960,3,2.5,1886,1966,58,High,6.11,1,0,1,9.0,1.17,1,Good,Single Family,360400
2141,4,3.0,6114,1997,27,Low,0.51,2,0,1,10.0,0.56,1,Good,Single Family,244600
2735,6,4.0,7108,1975,49,Medium,1.87,2,1,0,2.0,8.53,0,Good,Townhouse,424900
2774,4,3.5,8897,1961,63,High,5.32,1,0,1,5.0,1.16,0,Excellent,Condo,607700
2831,2,1.0,12177,1970,54,High,0.72,0,0,0,2.0,1.22,0,Good,Townhouse,493300
2447,2,1.0,5299,1991,33,Medium,14.83,0,0,1,5.0,5.5,0,Fair,Single Family,253300
1200,6,4.5,6257,2010,14,High,10.13,0,0,1,7.0,3.13,1,Good,Single Family,294100
3143,3,3.0,6206,2007,17,Medium,23.01,2,0,0,6.0,3.72,0,Excellent,Condo,432900
1198,2,1.5,5195,2003,21,Low,9.46,0,0,1,4.0,3.03,0,Fair,Condo,101700
2212,4,2.5,6785,1983,41,Medium,22.56,1,1,1,2.0,8.77,0,Fair,Condo,225400
1472,4,3.0,10698,1956,68,High,6.47,2,1,1,7.0,0.7,0,Good,Condo,328500
1955,4,2.5,4312,1984,40,Premium,7.33,1,0,0,10.0,13.54,0,Good,Condo,476100
2230,3,2.0,9497,1964,60,Low,30.17,2,0,1,9.0,5.33,0,Fair,Single Family,206400
2225,1,1.5,2043,2014,10,Medium,8.22,2,0,1,1.0,2.67,0,Good,Condo,258400
2295,6,3.5,6035,1974,50,Medium,0.5,1,0,0,3.0,3.26,0,Good,Condo,341900
3130,3,3.0,6847,2008,16,Medium,10.29,2,0,1,7.0,3.14,0,Excellent,Multi-Family,502700
2317,4,3.5,13862,1955,69,Low,18.87,2,0,0,9.0,0.18,1,Fair,Condo,197300
1829,4,3.5,7038,2001,23,Medium,12.7,1,1,0,5.0,0.74,1,Excellent,Condo,348900
2675,4,2.5,1000,1970,54,High,7.01,1,0,1,7.0,9.77,1,Fair,Single Family,406700
2833,3,2.0,1004,2020,4,High,8.9,2,0,1,10.0,2.29,0,Good,Townhouse,501100
1141,3,1.5,8119,1981,43,Medium,37.0,3,0,1,7.0,1.43,0,Good,Multi-Family,165400
2418,4,2.5,10148,2002,22,Medium,0.76,2,0,1,4.0,4.31,0,Good,Townhouse,367300
2491,5,4.0,9314,2008,16,Medium,8.8,1,1,0,5.0,2.23,1,Excellent,Condo,413900
1792,5,4.5,8586,2018,6,Medium,2.67,2,0,0,2.0,0.04,1,Poor,Single Family,206000
2963,2,1.0,12068,2011,13,High,8.18,1,0,1,8.0,4.0,0,Good,Condo,540000
1895,2,1.5,6111,1953,71,Premium,7.48,2,0,0,1.0,3.95,1,Fair,Condo,364300
2088,5,3.5,11132,1967,57,Medium,1.33,2,0,1,2.0,0.54,0,Good,Townhouse,277500
1879,4,2.0,2288,2005,19,Medium,1.85,2,0,1,3.0,9.42,0,Poor,Single Family,160100
2011,5,4.0,4833,1973,51,High,7.78,2,0,0,7.0,0.76,0,Excellent,Condo,488500
1233,3,2.0,1675,2015,9,Medium,1.1,2,0,0,6.0,1.84,0,Excellent,Single Family,240500
992,4,3.0,7038,1962,62,High,2.47,2,0,1,7.0,0.37,0,Excellent,Townhouse,252000
3116,4,2.5,7838,2011,13,Medium,14.43,1,0,1,5.0,2.77,1,Fair,Single Family,377400
1407,4,2.5,8399,2003,21,High,3.17,2,0,1,4.0,1.41,0,Good,Condo,329400
1306,3,2.0,8217,1964,60,Medium,5.36,3,0,1,7.0,1.31,0,Poor,Single Family,136300
500,1,1.0,4754,2018,6,High,22.66,0,0,1,3.0,5.26,1,Excellent,Single Family,147100
1553,4,3.0,7334,1952,72,High,2.06,1,0,0,10.0,0.03,0,Good,Condo,321500
1074,3,2.0,2759,1986,38,Medium,3.95,1,1,0,7.0,4.8,0,Good,Single Family,172200
3149,3,2.5,12771,1986,38,High,7.46,2,0,1,2.0,2.54,0,Good,Condo,530500
2707,6,5.5,6937,1952,72,High,11.26,2,0,0,8.0,12.83,0,Fair,Multi-Family,381900
1518,3,2.5,6289,2012,12,Medium,18.55,0,0,0,6.0,2.67,0,Good,Multi-Family,214800
3577,5,4.5,13561,1984,40,Low,19.77,2,0,1,3.0,0.17,0,Fair,Single Family,303700
2687,2,1.0,3652,2001,23,Low,11.99,1,0,1,3.0,0.16,0,Excellent,Townhouse,283100
1773,4,3.0,4060,1977,47,Medium,2.07,2,1,0,5.0,6.44,0,Excellent,Single Family,344800
500,6,4.0,4163,1967,57,Medium,0.5,1,1,1,3.0,5.52,1,Good,Multi-Family,124400
3604,2,1.0,7762,1985,39,High,3.87,1,0,1,6.0,1.27,1,Excellent,Townhouse,756300
1027,1,1.0,9511,1982,42,Low,1.22,1,0,0,2.0,2.89,1,Good,Single Family,124100
848,3,3.0,10589,2013,11,Premium,9.91,1,1,1,8.0,2.02,0,Excellent,Single Family,378500
2716,2,2.0,17002,1975,49,Medium,8.66,2,0,0,,10.25,0,Good,Single Family,368900
3708,4,3.0,1000,1997,27,Medium,0.5,2,1,1,7.0,8.98,1,Good,Townhouse,515300
2969,5,3.0,10131,1989,35,Medium,14.49,0,0,0,3.0,12.38,0,Good,Single Family,376500
2395,3,2.0,6050,1966,58,Medium,2.29,0,0,1,10.0,6.04,0,Poor,Condo,242400
2416,3,2.5,5948,1989,35,Medium,4.53,0,0,0,4.0,7.21,1,Good,Condo,331500
2597,3,2.5,5831,1956,68,Medium,8.82,2,0,1,10.0,0.73,0,Poor,Multi-Family,238600
2531,4,2.0,4819,2006,18,Low,4.49,2,0,0,2.0,5.33,0,Excellent,Multi-Family,321900
2197,1,1.0,13896,1957,67,High,4.66,0,0,1,9.0,3.7,1,Fair,Single Family,373100
2073,4,3.0,10948,2005,19,High,0.54,2,0,1,5.0,9.87,1,Good,Condo,467200
1956,4,3.5,8081,1980,44,Medium,4.11,0,1,0,2.0,2.54,0,Excellent,Townhouse,341600
1472,4,1.5,12729,2008,16,High,11.58,3,0,1,10.0,0.27,0,Fair,Townhouse,314900
1804,3,2.0,2706,2007,17,High,19.74,3,0,0,6.0,2.73,0,Good,Single Family,331400
815,4,3.0,3343,1961,63,Low,4.27,2,0,1,7.0,3.48,1,Good,Single Family,120400
1931,2,2.0,1000,1997,27,Premium,4.41,3,0,0,2.0,0.75,0,Fair,Single Family,414500
1308,2,2.0,5552,1980,44,High,9.7,2,0,1,1.0,1.5,0,Excellent,Single Family,278800
1227,5,4.0,8566,2012,12,Medium,22.89,2,0,1,7.0,2.74,1,Fair,Single Family,175300
2126,4,2.5,8360,2023,1,Low,2.49,2,0,0,1.0,1.41,0,Fair,Single Family,200200
2974,1,1.0,8523,1988,36,Low,4.64,1,0,0,3.0,1.41,1,Good,Condo,260700
2643,3,2.0,3061,1969,55,Low,12.72,1,0,1,4.0,0.43,1,Good,Single Family,246800
901,3,3.0,10811,1997,27,High,7.53,1,0,1,2.0,8.48,0,Excellent,Condo,232300
1307,3,3.0,8839,2020,4,Medium,0.94,2,0,1,7.0,4.16,1,Excellent,Single Family,311200
2659,3,2.5,10566,2003,21,High,7.91,1,1,0,5.0,0.0,0,Good,Townhouse,518900
1312,2,2.0,1375,2020,4,High,1.65,1,1,1,1.0,4.35,1,Good,Multi-Family,278100
1843,3,2.5,9090,1978,46,High,5.71,1,1,0,8.0,4.04,1,Good,Condo,380900
2385,4,2.5,3843,2023,1,High,6.02,1,1,0,10.0,0.03,0,Fair,Townhouse,423900
1322,4,3.0,6609,2022,2,Low,16.71,2,0,1,7.0,1.38,1,Good,Single Family,140200
2074,4,4.0,9870,1997,27,Medium,4.97,3,0,0,4.0,2.8,1,Excellent,Townhouse,413800
1066,2,1.0,8319,2023,1,High,2.62,2,0,1,2.0,1.81,0,Good,Single Family,231900
1579,6,5.5,5020,2005,19,Low,2.1,2,0,1,7.0,4.52,0,Fair,Single Family,197600
2224,5,3.5,8022,1966,58,Low,16.59,2,1,1,2.0,1.66,0,Good,Single Family,224700
885,5,4.5,2640,1958,66,Premium,1.5,1,1,1,6.0,0.5,0,Fair,Condo,292000
2308,5,3.0,12026,1983,41,High,4.44,1,0,1,1.0,11.24,1,Good,Single Family,408400
1986,5,4.0,7282,1994,30,Medium,1.66,2,0,1,7.0,0.83,1,Good,Condo,349400
2387,4,2.5,11915,1958,66,High,11.87,1,0,1,7.0,3.79,0,Good,Single Family,406500
2157,3,1.5,6157,1956,68,High,5.15,0,0,1,4.0,0.46,0,Good,Townhouse,365600
2955,4,3.0,6167,1965,59,Medium,3.46,2,0,0,4.0,1.2,0,Excellent,Condo,464400
2088,4,3.5,5325,1968,56,Low,3.58,1,0,0,10.0,1.75,0,Fair,Single Family,218500
1699,4,2.5,11067,1955,69,Premium,15.3,1,1,0,5.0,0.64,0,Excellent,Single Family,502700
2086,4,2.0,5517,1960,64,Medium,6.46,0,0,1,2.0,1.79,0,Good,Townhouse,247400
2380,2,1.5,10256,2010,14,Low,10.12,0,1,1,9.0,0.51,0,Excellent,Single Family,325200
2034,3,2.0,6661,1991,33,Medium,18.19,1,0,0,10.0,2.46,1,Good,Single Family,268800
2028,5,4.0,1084,1962,62,High,18.56,0,0,0,4.0,3.27,0,Fair,Condo,275700
1509,4,3.5,6004,1961,63,Medium,3.19,2,0,1,9.0,0.19,0,Excellent,Single Family,325100
1536,4,3.0,3873,2023,1,Medium,24.37,2,1,1,3.0,6.15,0,Good,Single Family,236100
1018,3,3.5,8119,1969,55,Medium,0.5,1,0,1,9.0,0.61,1,Poor,Single Family,140900
3225,3,2.5,3834,1999,25,Premium,3.78,2,1,0,1.0,0.77,1,Fair,Single Family,669900
1129,5,3.5,11241,1985,39,Low,18.09,1,0,0,7.0,3.25,1,Good,Single Family,165100
1515,4,2.0,7681,2018,6,High,2.57,1,0,0,4.0,1.9,0,Good,Single Family,346600
1497,4,3.0,7378,1986,38,Premium,2.55,1,0,0,7.0,2.08,0,Good,Single Family,426000
2626,3,2.0,10296,1961,63,Low,2.88,2,0,0,10.0,0.41,0,Good,Single Family,294800
1794,4,3.5,11374,1989,35,Premium,7.58,1,0,1,6.0,4.92,0,Good,Multi-Family,456700
2873,3,2.5,7930,2003,21,Premium,4.61,2,0,0,4.0,2.88,0,Excellent,Condo,774400
1529,4,2.5,5301,1951,73,Premium,10.38,2,0,0,4.0,0.44,1,Good,Townhouse,392000
2195,3,2.5,1791,1999,25,Medium,18.02,2,0,0,,1.41,0,Fair,Single Family,232700
1415,3,2.5,5599,1990,34,High,8.97,2,1,1,7.0,4.99,0,Excellent,Single Family,342800
3502,4,4.0,5840,1994,30,High,1.83,3,0,1,4.0,2.52,1,Poor,Townhouse,473600
1169,5,4.5,8375,1958,66,Premium,21.59,1,1,1,6.0,0.35,0,Good,Condo,337900
2217,2,2.0,6792,2011,13,Low,2.46,1,0,0,6.0,1.4,0,Good,Single Family,243400
2444,5,4.0,10408,1996,28,High,1.3,2,0,0,1.0,0.83,0,Good,Single Family,465500
2290,3,2.5,5855,1954,70,Medium,0.75,2,0,0,2.0,2.19,0,Poor,Single Family,199900
1870,3,3.0,7800,1950,74,Low,6.63,1,0,0,4.0,5.56,1,Fair,Townhouse,198900
1909,1,1.0,12144,1993,31,Medium,0.97,1,0,1,6.0,1.72,0,Good,Single Family,269400
2031,3,2.0,9196,1971,53,High,1.2,1,0,1,6.0,1.7,1,Excellent,Condo,485500
1897,4,2.5,7790,1987,37,Medium,2.85,1,0,1,1.0,7.07,1,Good,Condo,283600
2675,2,1.5,5893,1968,56,Medium,2.65,1,0,1,8.0,2.58,1,Good,Multi-Family,351300
3547,3,3.0,5784,1980,44,Premium,7.42,3,0,1,2.0,2.51,0,Good,Townhouse,790000
1610,5,3.5,5023,2016,8,Medium,13.58,2,0,0,5.0,0.91,0,Fair,Single Family,223000
1041,2,1.0,6106,1991,33,High,11.46,1,0,1,4.0,2.81,0,Poor,Condo,130100
1938,4,3.0,10645,1975,49,Medium,2.44,2,1,0,5.0,2.57,0,Fair,Townhouse,297400
3806,3,3.0,7223,1962,62,Medium,2.25,2,0,1,5.0,1.52,1,Good,Condo,535000
1437,4,3.5,3276,2007,17,High,27.0,0,0,0,10.0,14.03,0,Fair,Townhouse,245100
3147,3,2.5,14189,1967,57,Premium,0.5,1,0,0,8.0,6.41,1,Fair,Multi-Family,672800
3174,2,1.5,9120,2016,8,Medium,16.94,2,0,1,10.0,4.15,0,Good,Single Family,435800
1612,2,1.0,3076,1952,72,High,1.78,2,0,1,7.0,2.31,0,Excellent,Single Family,360100
2398,2,2.0,6454,2004,20,Low,23.54,0,0,0,9.0,1.86,1,Excellent,Townhouse,294000
3140,2,1.0,8388,2007,17,Medium,3.35,3,1,0,1.0,0.61,0,Good,Single Family,446100
1735,4,4.5,13966,2012,12,Medium,4.64,1,0,0,6.0,1.09,1,Fair,Single Family,265000
1857,5,4.0,4122,2001,23,Low,9.82,1,0,1,6.0,4.46,0,Good,Single Family,195200
1593,5,3.5,11416,1973,51,Medium,7.09,1,0,1,2.0,1.81,1,Fair,Townhouse,198600
1290,4,2.5,12898,2021,3,Medium,3.06,1,0,1,8.0,6.42,0,Good,Single Family,209400
1546,2,1.5,5800,1958,66,Low,6.46,2,0,0,6.0,0.48,1,Excellent,Condo,190900
1143,3,2.0,7029,1986,38,Medium,10.5,3,0,1,10.0,2.13,0,Good,Single Family,224800
2024,3,3.0,4373,2002,22,Medium,0.5,1,0,0,9.0,3.12,0,Excellent,Single Family,368300
1461,3,2.5,7288,1973,51,High,0.5,3,0,0,10.0,2.18,1,Good,Single Family,334000
2164,4,2.5,7872,1970,54,Premium,4.9,2,0,0,5.0,6.6,1,Good,Single Family,545200
911,4,4.0,10309,1989,35,High,1.13,1,0,1,7.0,13.69,0,Fair,Townhouse,188200
2232,3,2.5,11816,2011,13,Medium,8.73,2,0,0,6.0,0.37,0,Excellent,Townhouse,428100
2583,3,2.5,5382,2019,5,Premium,1.93,1,0,0,5.0,0.42,0,Fair,Townhouse,553800
604,5,3.5,1114,2018,6,High,4.54,2,0,1,6.0,0.42,0,Excellent,Single Family,267100
2262,4,3.0,7926,1963,61,Medium,1.76,0,0,0,4.0,3.43,1,Good,Single Family,324200
2859,3,2.5,9027,1991,33,Low,6.36,2,0,1,3.0,1.4,0,Fair,Single Family,255200
1153,5,2.5,8873,1999,25,High,0.99,0,0,1,1.0,3.97,0,Excellent,Single Family,333100
3171,6,5.5,6857,2010,14,High,0.5,2,0,1,1.0,1.56,0,Poor,Single Family,443600
2293,3,3.0,8437,1953,71,High,0.5,2,0,0,6.0,2.96,0,Excellent,Condo,542900
1506,3,2.0,13304,2021,3,High,24.68,1,0,0,9.0,4.41,1,Fair,Single Family,247000
1961,4,2.5,9336,1966,58,High,1.23,1,0,1,8.0,2.38,1,Excellent,Single Family,475800
2391,5,4.0,6693,2006,18,Premium,9.86,1,0,1,2.0,2.33,0,Good,Multi-Family,540700
2053,5,4.0,6249,1997,27,Medium,0.56,2,0,0,9.0,0.28,1,Good,Single Family,386800
2377,2,1.5,7406,1993,31,Low,0.92,1,0,0,8.0,1.59,0,Good,Multi-Family,271900
1356,3,2.5,13729,1994,30,High,5.69,2,0,0,9.0,2.37,0,Fair,Multi-Family,273000
2119,4,3.5,7358,1982,42,Medium,5.0,1,0,1,4.0,1.86,0,Excellent,Single Family,377800
1010,4,4.0,7931,1980,44,High,24.22,0,0,1,9.0,6.93,0,Fair,Single Family,202300
1922,2,2.0,6312,1996,28,Premium,23.18,0,0,0,2.0,7.11,0,Good,Townhouse,347300
1367,5,3.0,11846,1955,69,High,12.1,0,0,1,1.0,5.18,0,Good,Single Family,220800
1485,4,4.0,14859,2021,3,High,7.37,2,0,1,9.0,1.41,1,Good,Single Family,356400
2865,5,4.5,9577,2020,4,Medium,4.86,3,0,1,10.0,3.79,1,Fair,Townhouse,390500
2764,5,5.5,8290,1983,41,Medium,3.52,1,1,0,8.0,1.51,1,Fair,Single Family,395800
2426,4,2.5,8129,2002,22,Medium,23.51,2,0,0,7.0,0.79,0,Fair,Single Family,253900
1235,3,2.5,1000,1963,61,High,7.39,0,0,0,8.0,1.26,0,Excellent,Condo,295400
1779,4,2.0,10608,1965,59,High,6.92,2,0,1,1.0,0.22,0,Poor,Condo,210500
2849,2,2.0,8470,1992,32,High,2.11,0,0,1,,1.21,0,Excellent,Single Family,612100
2099,4,2.5,9499,2022,2,Low,0.5,2,0,1,10.0,1.85,0,Fair,Single Family,206500
3624,2,2.5,5510,2023,1,Medium,23.23,3,1,0,9.0,9.34,0,Fair,Single Family,363600
2275,4,2.5,6654,1961,63,High,3.01,1,1,0,9.0,1.13,0,Good,Single Family,452800
2134,3,1.0,6561,2019,5,Medium,4.68,2,0,0,6.0,6.98,0,Fair,Townhouse,284700
1784,2,1.0,11576,1968,56,Medium,0.97,0,0,1,4.0,0.78,0,Good,Condo,255200
2093,2,1.0,6674,1990,34,High,14.51,1,0,0,2.0,0.64,0,Excellent,Condo,401600
1893,1,1.0,15289,2002,22,High,0.5,0,0,0,4.0,2.2,0,Poor,Single Family,267700
2496,4,2.0,9508,1978,46,Medium,14.37,1,0,1,7.0,3.35,0,Excellent,Single Family,398200
2670,4,3.0,3535,2019,5,Premium,1.21,1,0,0,1.0,0.14,1,Good,Single Family,649600
1450,4,2.0,7550,2008,16,Low,17.41,1,0,1,9.0,0.75,0,Fair,Single Family,157500
1068,2,1.5,5719,2013,11,Premium,10.47,1,0,0,3.0,1.82,1,Fair,Single Family,277600
715,2,2.5,1000,1973,51,Low,1.44,1,0,1,4.0,1.21,0,Excellent,Single Family,100000
2356,1,1.0,13598,1965,59,Low,6.67,2,1,1,5.0,3.74,0,Fair,Single Family,1329600
1228,2,1.0,10461,2001,23,Premium,3.0,3,0,1,3.0,2.15,1,Excellent,Townhouse,445900
500,5,3.5,9866,1955,69,Medium,1.57,1,1,1,,0.52,0,Good,Townhouse,143100
2272,3,2.5,8579,1986,38,High,15.68,1,0,1,5.0,6.75,0,Poor,Condo,275100
3745,3,2.5,3163,1953,71,High,4.13,1,0,1,1.0,1.04,1,Good,Single Family,604000
1996,2,1.0,6307,1987,37,Premium,4.07,2,0,1,9.0,3.94,0,Excellent,Townhouse,592700
2587,3,2.5,10946,1990,34,Premium,1.49,2,0,1,10.0,4.54,0,Good,Multi-Family,665400
2057,4,1.5,4321,1963,61,Medium,3.86,1,0,0,10.0,9.9,1,Good,Single Family,294600
1931,4,2.5,1000,2020,4,High,16.42,0,1,0,4.0,2.07,1,Excellent,Condo,440400
2643,3,2.0,7205,2000,24,Low,3.61,1,1,0,9.0,2.87,0,Fair,Townhouse,223100
1797,2,2.0,7504,2014,10,Medium,24.23,1,0,1,4.0,1.22,0,Excellent,Single Family,278400
2187,3,2.5,8474,2001,23,High,23.4,3,0,1,1.0,3.4,1,Excellent,Single Family,440800
2225,3,1.5,10550,1979,45,Medium,1.25,2,0,1,5.0,1.87,0,Good,Single Family,318500
1532,3,1.5,10232,2006,18,High,1.56,0,0,0,9.0,1.73,0,Excellent,Single Family,399200
2694,6,4.5,8906,1979,45,Medium,15.88,2,0,1,3.0,5.8,0,Good,Single Family,338700
1878,4,3.0,12184,1991,33,High,3.99,1,0,0,5.0,0.15,1,Good,Multi-Family,389500
1471,4,2.5,2684,1960,64,Premium,0.5,1,0,1,3.0,6.41,0,Good,Condo,360900
2376,3,2.0,9766,1976,48,Low,2.56,2,0,0,3.0,5.73,1,Good,Single Family,299100
1371,3,2.5,10193,1973,51,High,7.28,2,0,1,1.0,2.12,0,Good,Condo,277100
2020,4,2.5,3662,1988,36,Premium,12.85,1,0,0,2.0,2.02,0,Fair,Condo,370500
1994,4,3.0,2740,2021,3,Medium,1.15,1,0,0,2.0,1.35,1,Good,Single Family,325800
2760,4,4.5,5389,1967,57,Low,0.94,2,1,1,9.0,15.44,1,Fair,Single Family,285700
2332,2,1.0,5685,1994,30,High,20.42,2,0,1,7.0,0.35,0,Fair,Multi-Family,292100
1982,4,2.0,10637,1961,63,Medium,11.13,1,1,0,8.0,2.68,0,Good,Condo,284700
2572,3,2.5,5849,1998,26,Low,7.13,1,0,1,2.0,3.43,1,Excellent,Single Family,309400
2973,5,3.5,5003,1980,44,High,11.73,1,1,0,9.0,8.17,0,Good,Single Family,521500
2390,4,3.0,5859,1971,53,Medium,4.48,3,0,1,3.0,4.55,0,Good,Single Family,333400
2007,4,2.5,11915,1993,31,Premium,11.37,2,0,1,10.0,3.1,0,Fair,Single Family,465400
1082,2,1.5,8046,2013,11,High,3.72,1,1,0,2.0,0.37,1,Good,Single Family,241800
1254,4,4.0,7373,1974,50,High,2.24,2,0,1,1.0,1.4,1,Fair,Condo,250900
1786,2,2.0,7615,2000,24,Low,10.45,2,0,0,9.0,0.45,1,Fair,Single Family,175800
1573,3,3.0,12522,1956,68,Medium,4.35,1,1,1,8.0,6.39,0,Good,Single Family,280000
1869,2,1.0,5378,1955,69,Low,31.87,1,0,1,4.0,4.15,0,Good,Single Family,126900
2040,4,2.5,12604,1973,51,Premium,3.44,2,1,1,7.0,4.25,0,Fair,Single Family,493200
2371,3,1.0,8737,1968,56,Low,20.38,2,0,0,3.0,3.17,0,Good,Townhouse,196400
1951,3,2.0,7439,1958,66,Medium,21.62,2,1,0,3.0,2.12,0,Excellent,Single Family,316000
2341,5,4.5,16753,1985,39,Medium,2.22,2,0,0,4.0,0.49,0,Fair,Condo,349600
2045,3,2.5,4305,1989,35,Medium,12.8,1,0,1,2.0,1.2,0,Poor,Single Family,165300
617,4,3.0,6762,1973,51,Medium,4.54,0,0,1,10.0,0.44,0,Good,Single Family,157000
1342,3,2.0,3686,1997,27,High,19.96,3,1,1,4.0,3.87,0,Fair,Townhouse,205600
1899,1,1.0,11334,2012,12,Low,4.78,1,0,1,10.0,0.52,1,Excellent,Single Family,276900
1153,4,3.0,13912,2018,6,Low,10.91,2,0,0,3.0,3.63,0,Good,Condo,180000
2420,2,2.0,13845,2002,22,Medium,5.03,2,0,0,8.0,3.54,0,Good,Single Family,318000
3072,3,1.5,12284,2003,21,High,2.07,2,0,0,2.0,1.84,0,Good,Condo,534000
2853,4,3.0,7308,1991,33,High,1.78,1,0,0,9.0,0.44,1,Good,Townhouse,568500
1851,4,3.5,6722,1994,30,Medium,4.43,2,1,0,3.0,1.13,0,Fair,Condo,255000
3044,4,3.0,2151,1963,61,High,11.27,2,0,1,4.0,1.16,0,Excellent,Condo,594400
2104,3,2.5,15126,1978,46,Medium,7.43,2,0,0,10.0,3.62,0,Good,Townhouse,318800
1764,1,2.5,9641,1955,69,Premium,9.33,1,0,0,10.0,0.36,0,Fair,Multi-Family,335900
1571,4,3.0,6278,1956,68,Low,2.65,0,0,1,3.0,5.3,1,Good,Single Family,187300
1788,4,3.0,12648,1986,38,High,5.25,0,0,0,3.0,4.29,0,Fair,Condo,279400
1728,5,3.5,4595,2002,22,Premium,0.5,1,0,1,8.0,0.62,0,Poor,Single Family,365400
2119,5,4.0,9423,1967,57,High,13.61,1,0,0,8.0,3.81,0,Good,Single Family,382700
2112,5,4.0,7396,1987,37,Low,36.76,3,0,1,6.0,3.31,0,Good,Single Family,236400
2002,3,2.5,10235,2008,16,Medium,4.18,2,0,1,4.0,4.14,0,Good,Townhouse,300300
2306,3,1.5,7777,1950,74,High,0.5,2,0,0,1.0,0.63,0,Fair,Single Family,358600
2833,4,3.0,2922,2017,7,Low,1.49,2,0,1,4.0,0.51,1,Good,Condo,329700
2665,3,3.0,8265,1993,31,High,8.46,1,0,1,8.0,0.81,1,Fair,Single Family,443700
961,2,2.0,11671,1996,28,High,7.58,3,0,1,6.0,1.37,1,Good,Single Family,249700
500,5,4.5,7898,1984,40,High,12.4,1,0,0,2.0,4.73,0,Good,Multi-Family,133600
2654,5,3.5,10713,2009,15,Low,2.34,0,0,0,3.0,4.02,0,Good,Single Family,290800
1043,3,2.5,4341,2001,23,High,11.54,1,1,1,7.0,7.79,0,Excellent,Single Family,242600
1843,2,1.5,7908,1957,67,High,9.32,2,0,1,4.0,0.18,0,Excellent,Single Family,386000
1181,3,1.5,5814,1990,34,High,3.12,2,0,0,4.0,0.03,0,Excellent,Condo,351900
739,5,4.0,10614,1952,72,Low,6.31,0,0,0,5.0,3.6,1,Excellent,Single Family,146700
2379,5,3.0,8110,2018,6,Low,1.27,2,0,0,8.0,0.98,0,Excellent,Single Family,357100
2531,3,2.0,10415,1963,61,Medium,4.82,1,0,0,7.0,1.22,1,Excellent,Condo,404100
1596,2,1.5,11807,1975,49,Low,17.04,0,0,0,9.0,2.37,0,Excellent,Single Family,177300
500,5,4.0,10421,2019,5,High,4.37,2,0,0,5.0,0.32,0,Good,Townhouse,230100
1618,3,1.5,8956,2007,17,Premium,14.64,2,0,0,1.0,3.09,0,Fair,Single Family,296700
2274,4,3.5,4506,1989,35,Medium,7.14,2,0,0,4.0,1.18,0,Poor,Single Family,211300
965,6,5.0,7990,2000,24,High,1.7,2,0,1,6.0,3.0,0,Excellent,Condo,364100
2128,2,1.0,6134,1954,70,Low,6.96,2,0,0,6.0,5.39,1,Good,Townhouse,221500
1989,4,2.0,6796,1981,43,Low,5.64,2,0,0,9.0,0.56,1,Excellent,Townhouse,281600
2406,2,1.5,6689,1950,74,Low,4.07,2,0,0,10.0,8.02,0,Good,Condo,238400
2084,3,2.0,4570,2003,21,Medium,1.02,2,0,1,5.0,2.27,0,Good,Single Family,313700
1319,5,4.0,1149,1960,64,Premium,4.31,3,0,1,5.0,7.69,1,Good,Single Family,356400
2838,3,2.0,5661,2002,22,Low,0.6,3,0,1,6.0,0.7,1,Excellent,Single Family,384000
1889,6,3.5,8677,1957,67,High,0.83,0,0,0,6.0,2.78,0,Fair,Townhouse,348600
1981,4,3.0,3281,1974,50,Medium,4.3,2,0,1,3.0,1.55,1,Excellent,Townhouse,353100
1347,3,2.0,8055,1989,35,Premium,2.92,1,0,1,6.0,4.46,0,Excellent,Multi-Family,406200
1690,3,2.5,14651,1981,43,Low,20.78,1,0,0,8.0,2.79,0,Good,Single Family,204100
1381,3,2.0,11581,1977,47,Medium,3.77,2,0,1,6.0,2.05,0,Good,Single Family,210900
1879,3,3.5,13752,1952,72,Low,11.35,0,1,1,5.0,7.33,0,Poor,Condo,139800
3198,2,1.0,9369,2011,13,Medium,6.04,2,0,1,3.0,1.42,0,Poor,Condo,298100
1040,3,3.0,12086,1976,48,Medium,9.74,2,1,1,1.0,0.75,0,Good,Condo,178800
871,3,2.0,5466,1994,30,Premium,2.41,1,0,1,5.0,2.81,0,Fair,Townhouse,240100
3030,4,3.5,5745,1974,50,High,22.77,1,0,0,6.0,2.93,1,Fair,Single Family,397300
1853,4,3.0,1000,2010,14,High,6.04,3,0,1,6.0,1.73,1,Excellent,Single Family,505800
1532,4,3.5,12152,1993,31,Medium,14.24,1,0,0,6.0,2.0,0,Good,Single Family,234400
2728,1,1.0,13391,1995,29,Low,3.63,1,0,1,3.0,9.62,0,Good,Single Family,276300
1576,3,1.5,6064,1963,61,Medium,0.84,1,0,0,4.0,3.96,0,Fair,Single Family,174200
3278,4,4.0,7111,1957,67,Premium,8.96,2,0,1,3.0,0.35,0,Excellent,Single Family,878000
2475,3,2.0,5361,1997,27,High,0.5,2,0,0,2.0,0.72,0,Excellent,Single Family,529600
1658,1,1.0,9339,1963,61,Premium,5.16,2,0,0,8.0,11.14,0,Good,Condo,338500
3510,5,4.5,11937,2014,10,High,1.71,1,1,0,7.0,3.89,0,Excellent,Townhouse,820100
1576,4,2.5,1900,1956,68,Low,7.9,2,1,0,8.0,7.4,0,Excellent,Townhouse,194400
2519,4,3.5,9433,1998,26,Medium,31.07,2,0,1,6.0,1.09,0,Good,Single Family,306100
2210,2,1.0,7032,2004,20,Low,4.99,1,1,0,7.0,4.06,1,Good,Single Family,296800
2911,4,3.0,8397,1962,62,Medium,13.61,2,1,1,1.0,3.76,0,Fair,Single Family,373000
3093,4,3.0,9606,2022,2,Low,5.67,2,0,0,10.0,1.05,0,Fair,Multi-Family,296800
2022,4,2.0,7341,2005,19,Medium,5.48,2,0,0,5.0,2.4,0,Fair,Single Family,282500
1473,4,2.5,7637,2005,19,High,21.32,0,0,0,4.0,2.96,0,Poor,Single Family,158200
2322,5,4.5,7251,1964,60,Premium,17.66,1,0,0,10.0,1.97,0,Fair,Townhouse,437200
1526,4,3.5,11396,2006,18,High,12.33,1,0,1,3.0,5.27,1,Excellent,Single Family,382300
3409,2,1.5,9466,2007,17,Premium,2.81,1,0,1,2.0,5.37,0,Fair,Townhouse,669600
2096,4,3.0,8772,1984,40,Low,6.3,2,0,0,9.0,5.7,1,Excellent,Single Family,307800
1744,4,3.0,3552,1965,59,Low,2.03,0,0,1,8.0,4.88,0,Good,Single Family,214800
2129,4,4.0,6675,1957,67,High,4.69,2,0,0,10.0,2.01,0,Fair,Single Family,366000
1057,2,1.5,11145,1994,30,Medium,5.3,1,0,0,2.0,1.44,0,Good,Townhouse,166000
1320,2,1.5,8132,1989,35,Medium,14.25,1,0,1,6.0,5.34,0,Fair,Townhouse,173900
2840,5,4.5,10308,2003,21,Medium,18.11,2,1,0,3.0,2.02,0,Excellent,Condo,482300
1540,4,2.5,14183,1963,61,Medium,4.28,1,0,1,3.0,0.85,1,Excellent,Single Family,292600
1267,5,4.5,11635,2008,16,Medium,0.5,2,0,1,5.0,2.12,0,Poor,Single Family,188700
2376,4,2.0,8326,2002,22,Medium,15.83,0,1,1,7.0,0.46,0,Excellent,Multi-Family,406600
2830,4,4.0,6212,1976,48,Medium,1.53,1,1,1,7.0,3.53,1,Good,Condo,439500
2503,4,3.0,1000,1996,28,High,7.78,2,0,0,10.0,1.23,0,Fair,Townhouse,396300
2697,5,3.5,7411,1955,69,Medium,0.5,2,0,0,1.0,0.91,0,Good,Single Family,383200
1470,4,2.0,6859,2004,20,Medium,4.08,1,1,0,7.0,9.41,0,Good,Single Family,252800
1005,4,2.5,9366,1993,31,Low,34.13,1,0,0,7.0,4.5,0,Fair,Single Family,82900
3051,2,1.0,7461,1967,57,Medium,0.85,2,0,1,6.0,4.64,0,Excellent,Condo,463300
1774,3,2.0,6879,1965,59,High,4.41,3,0,1,6.0,2.93,0,Fair,Townhouse,337900
1824,4,3.0,1772,1961,63,High,2.94,2,0,1,,5.48,0,Good,Single Family,328800
2930,3,3.0,4710,1969,55,High,18.84,1,0,1,3.0,4.27,0,Poor,Single Family,317700
2389,3,2.5,9668,1994,30,Medium,16.28,3,0,0,3.0,2.74,0,Excellent,Single Family,370100
2319,3,2.5,14006,2013,11,High,2.17,0,1,1,3.0,9.74,0,Excellent,Single Family,559000
3516,3,1.5,7659,2008,16,High,0.68,0,0,1,2.0,0.64,0,Fair,Multi-Family,541200
1550,3,1.5,9147,1971,53,Medium,7.89,2,0,1,9.0,8.61,1,Good,Single Family,249800
2649,3,3.5,11334,1996,28,Medium,3.28,1,0,0,6.0,1.54,0,Fair,Townhouse,320500
2040,5,3.5,5162,1978,46,Medium,8.92,0,1,1,2.0,2.25,1,Excellent,Condo,334300
2188,4,4.0,9284,1994,30,High,0.5,1,0,0,3.0,0.39,0,Fair,Townhouse,380400
3070,2,1.5,5408,1958,66,High,1.15,1,0,1,10.0,2.33,0,Excellent,Multi-Family,619400
2355,2,1.5,11027,1973,51,Low,9.28,2,1,1,6.0,2.83,0,Excellent,Condo,255000
2377,4,3.5,8530,1964,60,High,1.91,2,0,0,4.0,18.23,1,Good,Townhouse,429600
2751,3,3.0,9045,1985,39,Low,15.59,1,0,1,7.0,11.09,0,Fair,Single Family,189500
1745,5,3.5,5261,1962,62,Low,0.5,2,1,1,6.0,10.18,1,Good,Condo,240000
1413,4,3.0,10475,1993,31,Premium,1.94,3,1,0,6.0,1.28,1,Good,Townhouse,510500
1269,4,3.0,15296,2020,4,Premium,50.0,2,0,1,3.0,14.22,0,Good,Single Family,235100
624,3,2.5,4472,2021,3,Low,4.54,1,1,1,8.0,1.82,0,Good,Condo,127700
3439,4,3.5,6811,1985,39,Medium,9.71,3,0,1,9.0,5.73,0,Good,Townhouse,493000
1228,3,2.5,8811,2010,14,Low,1.61,2,0,1,6.0,0.73,0,Good,Townhouse,164000
1845,5,4.0,10752,1989,35,Medium,7.53,0,1,1,2.0,2.11,0,Excellent,Single Family,364600
1806,4,4.0,6042,1976,48,High,10.36,0,1,1,1.0,10.15,1,Fair,Condo,334400
2215,3,2.5,1000,1950,74,Premium,3.02,1,0,0,3.0,8.81,0,Good,Single Family,424100
2571,3,2.5,12757,1983,41,High,14.12,2,0,0,3.0,3.45,0,Excellent,Condo,491200
2602,2,1.0,10662,2017,7,Medium,7.4,1,0,1,8.0,4.8,0,Fair,Single Family,323400
1592,4,1.5,1900,1970,54,High,3.94,2,0,1,5.0,0.58,1,Good,Condo,360500
1883,3,2.5,5874,1982,42,Medium,6.53,0,0,1,1.0,3.84,0,Excellent,Single Family,281100
2198,4,3.0,13489,1956,68,Premium,6.88,3,0,1,4.0,2.89,1,Good,Single Family,609200
1826,3,2.0,13067,2014,10,Premium,1.45,1,0,1,7.0,0.29,1,Poor,Single Family,383400
3125,4,3.0,11285,1952,72,High,4.12,3,0,0,5.0,0.36,0,Fair,Single Family,462100
2344,5,3.5,7384,2000,24,Medium,3.37,3,0,1,10.0,0.34,0,Good,Condo,417700
2514,4,3.5,8290,2003,21,Medium,4.1,0,0,0,6.0,3.87,0,Fair,Townhouse,311100
2464,4,3.0,7542,2023,1,Low,11.45,1,0,1,10.0,0.46,0,Excellent,Single Family,335100
2821,2,1.0,11949,2008,16,High,5.27,0,0,1,4.0,1.89,1,Good,Single Family,472300
2127,2,2.0,4935,1955,69,Medium,22.55,3,1,1,2.0,1.32,0,Fair,Single Family,205300
1092,4,3.0,5180,1978,46,Medium,2.78,2,0,0,9.0,2.4,0,Excellent,Condo,219100
2280,3,2.5,11536,1966,58,Medium,4.3,0,0,1,2.0,3.68,0,Good,Single Family,276400
1544,3,2.0,7845,2009,15,High,12.37,0,0,1,2.0,3.46,0,Fair,Single Family,242700
1630,1,1.0,12825,1971,53,Low,6.32,1,0,1,2.0,2.17,0,Good,Single Family,171200
2410,3,2.5,5650,1973,51,Premium,6.34,3,0,0,1.0,1.87,0,Fair,Single Family,461500
2867,1,1.0,7808,2000,24,Premium,0.5,2,0,1,3.0,1.52,1,Excellent,Single Family,784100
2015,5,4.0,4772,1999,25,Premium,4.07,2,0,1,6.0,5.94,0,Good,Single Family,515100
2216,3,2.0,8026,1960,64,Medium,2.53,1,0,1,7.0,1.21,0,Excellent,Condo,387200
3192,4,2.0,2825,2005,19,Medium,50.0,0,0,1,1.0,0.9,1,Good,Condo,297500
2169,1,1.0,6293,2020,4,Medium,2.95,3,0,0,5.0,4.08,1,Excellent,Single Family,383300
3821,4,,2973,1991,33,Medium,17.27,0,1,0,5.0,1.34,0,Fair,Condo,429300
2396,3,2.0,10429,1988,36,Low,9.02,3,0,1,1.0,5.63,0,Excellent,Single Family,293700
767,5,3.5,10508,2018,6,High,3.34,1,0,0,4.0,1.19,0,Excellent,Multi-Family,294800
2527,5,4.5,1944,1997,27,Medium,6.27,0,0,1,10.0,3.63,0,Good,Single Family,414800
2267,3,2.0,12669,2006,18,Premium,14.69,2,0,0,1.0,0.14,1,Excellent,Condo,624600
2903,5,3.0,16741,1970,54,Low,17.19,3,1,1,1.0,1.46,0,Excellent,Condo,393200
2471,6,4.5,8161,1969,55,High,1.4,3,0,0,7.0,1.26,1,Excellent,Single Family,666400
1903,5,3.5,5756,1964,60,High,3.32,1,1,1,7.0,5.09,0,Good,Multi-Family,392700
1143,5,3.0,17885,2018,6,High,3.27,1,0,0,3.0,10.24,0,Good,Single Family,300400
1854,3,2.0,3384,2000,24,Premium,0.5,2,1,0,7.0,1.85,0,Excellent,Condo,609300
1405,4,3.5,8070,2011,13,High,7.3,2,0,0,3.0,5.23,0,Excellent,Single Family,329100
1594,2,1.5,8629,1986,38,Premium,15.44,2,0,0,2.0,3.61,0,Good,Single Family,338300
2412,2,1.5,12708,1955,69,Medium,3.84,1,0,1,10.0,10.27,0,Excellent,Condo,364500
3169,6,5.5,9259,2020,4,Medium,10.78,3,0,0,4.0,5.0,0,Poor,Single Family,319500
2276,3,2.0,6255,1975,49,Low,7.9,2,0,1,10.0,0.24,1,Excellent,Single Family,317900
1163,4,3.0,4671,1957,67,Low,3.77,2,0,1,3.0,3.75,0,Fair,Single Family,117000
2311,5,3.5,6804,2022,2,Medium,1.22,2,0,1,7.0,2.3,1,Fair,Condo,350500
2838,5,3.0,4476,1953,71,Low,9.88,1,1,1,1.0,0.05,0,Good,Single Family,281900
1573,6,4.0,8167,1970,54,Medium,15.42,3,0,1,6.0,0.87,1,Good,Single Family,281500
1906,3,2.0,6025,1980,44,Low,9.26,2,0,1,2.0,7.64,1,Good,Condo,192500
2010,1,1.0,2771,1970,54,Low,0.5,2,1,1,8.0,7.81,0,Good,Single Family,204100
1451,3,3.5,12393,1974,50,Premium,1.95,3,1,0,5.0,4.81,1,Good,Single Family,475000
2454,2,1.0,6258,1964,60,Low,0.58,2,0,1,3.0,12.02,0,Fair,Single Family,204100
1915,1,1.0,3562,1984,40,High,6.76,2,0,1,10.0,4.93,1,Excellent,Single Family,380700
2294,3,2.0,7411,1998,26,Low,11.3,0,0,1,7.0,0.03,0,Good,Single Family,226600
1379,4,3.0,8239,1992,32,Premium,0.94,0,0,1,2.0,1.02,0,Good,Multi-Family,377600
1694,4,3.0,1887,1990,34,Premium,14.58,1,0,1,5.0,0.09,0,Good,Single Family,403400
2506,3,3.0,9161,1986,38,High,6.49,1,0,0,8.0,0.3,0,Excellent,Single Family,557500
1739,4,1.5,4335,2006,18,High,9.37,1,0,1,1.0,0.74,0,Good,Single Family,277500
3209,3,1.0,13989,1991,33,Low,28.44,1,0,1,1.0,2.1,1,Poor,Single Family,158300
1720,1,1.0,9834,1996,28,Premium,0.7,1,1,0,3.0,5.64,1,Excellent,Condo,513800
2157,4,3.5,6600,2010,14,Premium,18.52,1,0,1,3.0,5.94,0,Excellent,Single Family,566400
2653,4,2.0,5392,1963,61,Premium,1.08,0,0,1,7.0,2.87,1,Good,Single Family,666100
1007,4,1.0,7633,2017,7,High,3.99,0,0,1,,7.9,1,Excellent,Single Family,262200
767,1,1.0,10145,2002,22,Medium,15.25,2,0,1,7.0,2.08,0,Good,Townhouse,121500
932,5,4.0,7911,1983,41,Premium,18.94,2,0,0,4.0,6.6,0,Good,Single Family,267400
2884,4,2.5,7240,1973,51,Medium,5.65,1,0,1,2.0,1.82,0,Good,Single Family,362800
1614,4,2.5,8204,1969,55,High,7.21,2,1,1,2.0,0.97,1,Good,Condo,344400
3791,4,2.5,5886,2018,6,Low,9.85,2,0,0,10.0,7.45,1,Fair,Single Family,344700
1605,5,4.0,6799,1979,45,Premium,14.31,1,0,0,1.0,1.47,0,Fair,Townhouse,325500
2129,4,2.5,1000,1956,68,Low,1.04,2,0,1,9.0,2.1,0,Poor,Condo,171600
3079,4,3.5,11408,1985,39,Medium,13.29,3,0,0,7.0,1.2,1,Fair,Single Family,371700
3404,6,3.0,9046,1987,37,High,5.25,2,0,1,10.0,3.26,1,Good,Single Family,639000
3443,4,2.5,5293,2001,23,High,4.79,1,0,0,3.0,15.91,1,Good,Multi-Family,566000
2846,3,1.5,14646,1964,60,High,4.41,2,0,1,2.0,0.08,0,Fair,Condo,450400
2717,4,3.0,8305,1995,29,Medium,5.69,1,0,1,3.0,6.9,0,Excellent,Multi-Family,466400
2415,3,2.0,4373,1972,52,Low,23.21,2,0,0,7.0,0.01,0,Fair,Single Family,216600
2678,6,4.0,10462,1995,29,High,6.45,1,0,1,4.0,0.67,1,Good,Single Family,569000
2575,2,1.0,8650,1966,58,High,10.14,0,0,1,7.0,2.85,0,Good,Single Family,422400
2119,4,3.5,7358,1982,42,Medium,5.0,1,0,1,4.0,1.86,0,Excellent,Single Family,377800
1991,4,2.5,1626,2000,24,Medium,13.46,2,0,1,9.0,0.18,0,Good,Single Family,242900
1843,2,1.5,7908,1957,67,High,9.32,2,0,1,4.0,0.18,0,Excellent,Single Family,386000
2435,4,4.0,7226,2022,2,High,24.74,0,1,0,1.0,0.94,0,Good,Single Family,400200
